PRAGMA foreign_keys = ON;
BEGIN TRANSACTION;
CREATE TABLE targetCIDs (CID INTEGER PRIMARY KEY NOT NULL);
-- LIST OF TARGET CID
CREATE TABLE lgcGlyphs (glyphName TEXT PRIMARY KEY NOT NULL, pwid INTEGER, hwid INTEGER, qwid INTEGER, twid INTEGER, fwid INTEGER, ital INTEGER,
rotPwid INTEGER, rotHwid INTEGER, rotQwid INTEGER, rotTwid INTEGER, rotItal INTEGER);
INSERT INTO lgcGlyphs VALUES('a', 66, 296, NULL, NULL, 816, 9509, 8785, 9015, NULL, NULL, 13025);
INSERT INTO lgcGlyphs VALUES('A', 34, 264, NULL, NULL, 790, 9477, 8753, 8983, NULL, NULL, 12993);
INSERT INTO lgcGlyphs VALUES('a.cyr', 1092, NULL, NULL, NULL, NULL, NULL, NULL, NULL, NULL, NULL, NULL);
INSERT INTO lgcGlyphs VALUES('A.cyr', 1059, NULL, NULL, NULL, NULL, NULL, NULL, NULL, NULL, NULL, NULL);
INSERT INTO lgcGlyphs VALUES('aacute', 194, 630, NULL, NULL, NULL, 9637, 8913, 9079, NULL, NULL, 13153);
INSERT INTO lgcGlyphs VALUES('Aacute', 165, NULL, NULL, NULL, NULL, 9608, 8884, NULL, NULL, NULL, 13124);
INSERT INTO lgcGlyphs VALUES('abreve', 15769, NULL, NULL, NULL, NULL, 15951, 16572, NULL, NULL, NULL, 16754);
INSERT INTO lgcGlyphs VALUES('Abreve', 15756, NULL, NULL, NULL, NULL, 15938, 16559, NULL, NULL, NULL, 16741);
INSERT INTO lgcGlyphs VALUES('acaron', 9406, NULL, NULL, NULL, NULL, 9726, 12922, NULL, NULL, NULL, 13242);
INSERT INTO lgcGlyphs VALUES('Acaron', 9394, NULL, NULL, NULL, NULL, 9714, 12910, NULL, NULL, NULL, 13230);
INSERT INTO lgcGlyphs VALUES('acircumflex', 195, 622, NULL, NULL, NULL, 9638, 8914, 9072, NULL, NULL, 13154);
INSERT INTO lgcGlyphs VALUES('Acircumflex', 166, NULL, NULL, NULL, NULL, 9609, 8885, NULL, NULL, NULL, 13125);
INSERT INTO lgcGlyphs VALUES('acute', 127, 501, NULL, NULL, 645, NULL, 8846, 9046, NULL, NULL, NULL);
INSERT INTO lgcGlyphs VALUES('adieresis', 197, 617, NULL, NULL, NULL, 9640, 8916, 9067, NULL, NULL, 13156);
INSERT INTO lgcGlyphs VALUES('Adieresis', 168, 599, NULL, NULL, NULL, 9611, 8887, 9049, NULL, NULL, 13127);
INSERT INTO lgcGlyphs VALUES('ae', 145, NULL, NULL, NULL, NULL, 9588, 8864, NULL, NULL, NULL, 13104);
INSERT INTO lgcGlyphs VALUES('AE', 139, NULL, NULL, NULL, NULL, 9582, 8858, NULL, NULL, NULL, 13098);
INSERT INTO lgcGlyphs VALUES('aeacute', 9421, NULL, NULL, NULL, NULL, NULL, 12937, NULL, NULL, NULL, NULL);
INSERT INTO lgcGlyphs VALUES('aegrave', 9422, NULL, NULL, NULL, NULL, NULL, 12938, NULL, NULL, NULL, NULL);
INSERT INTO lgcGlyphs VALUES('agrave', 193, 627, NULL, NULL, NULL, 9636, 8912, 9077, NULL, NULL, 13152);
INSERT INTO lgcGlyphs VALUES('Agrave', 164, NULL, NULL, NULL, NULL, 9607, 8883, NULL, NULL, NULL, 13123);
INSERT INTO lgcGlyphs VALUES('alpha', 1035, NULL, NULL, NULL, NULL, NULL, NULL, NULL, NULL, NULL, NULL);
INSERT INTO lgcGlyphs VALUES('Alpha', 1011, NULL, NULL, NULL, NULL, NULL, NULL, NULL, NULL, NULL, NULL);
INSERT INTO lgcGlyphs VALUES('alphatonos', 20436, NULL, NULL, NULL, NULL, NULL, NULL, NULL, NULL, NULL, NULL);
INSERT INTO lgcGlyphs VALUES('Alphatonos', 20427, NULL, NULL, NULL, NULL, NULL, NULL, NULL, NULL, NULL, NULL);
INSERT INTO lgcGlyphs VALUES('amacron', 9361, NULL, NULL, NULL, NULL, 9681, 12877, NULL, NULL, NULL, 13197);
INSERT INTO lgcGlyphs VALUES('Amacron', 9366, NULL, NULL, NULL, NULL, 9686, 12882, NULL, NULL, NULL, 13202);
INSERT INTO lgcGlyphs VALUES('ampersand', 7, 237, NULL, NULL, 717, 9450, 8726, 8956, NULL, NULL, 12966);
INSERT INTO lgcGlyphs VALUES('angstrom', NULL, NULL, NULL, NULL, 771, NULL, NULL, NULL, NULL, NULL, NULL);
INSERT INTO lgcGlyphs VALUES('aogonek', 15745, NULL, NULL, NULL, NULL, 15930, 16548, NULL, NULL, NULL, 16733);
INSERT INTO lgcGlyphs VALUES('Aogonek', 15737, NULL, NULL, NULL, NULL, 15923, 16540, NULL, NULL, NULL, 16726);
INSERT INTO lgcGlyphs VALUES('apostrophemod', 96, NULL, NULL, NULL, NULL, 9539, 8815, NULL, NULL, NULL, 13055);
INSERT INTO lgcGlyphs VALUES('approxequalorimage', NULL, NULL, NULL, NULL, 762, NULL, NULL, NULL, NULL, NULL, NULL);
INSERT INTO lgcGlyphs VALUES('aring', 198, NULL, NULL, NULL, NULL, 9641, 8917, NULL, NULL, NULL, 13157);
INSERT INTO lgcGlyphs VALUES('Aring', 169, NULL, NULL, NULL, NULL, 9612, 8888, NULL, NULL, NULL, 13128);
INSERT INTO lgcGlyphs VALUES('asciicircum', 63, 293, NULL, NULL, 648, 9506, 8782, 9012, NULL, NULL, 13022);
INSERT INTO lgcGlyphs VALUES('asciitilde', 100, 631, NULL, NULL, NULL, 9543, 8819, 9080, NULL, NULL, 13059);
INSERT INTO lgcGlyphs VALUES('ascript', 9418, NULL, NULL, NULL, NULL, NULL, 12934, NULL, NULL, NULL, NULL);
INSERT INTO lgcGlyphs VALUES('ascriptacute', 9419, NULL, NULL, NULL, NULL, NULL, 12935, NULL, NULL, NULL, NULL);
INSERT INTO lgcGlyphs VALUES('ascriptgrave', 9420, NULL, NULL, NULL, NULL, NULL, 12936, NULL, NULL, NULL, NULL);
INSERT INTO lgcGlyphs VALUES('ascriptturn', 15836, NULL, NULL, NULL, NULL, NULL, 16639, NULL, NULL, NULL, NULL);
INSERT INTO lgcGlyphs VALUES('asterisk', 11, 241, NULL, NULL, 718, 9454, 8730, 8960, NULL, NULL, 12970);
INSERT INTO lgcGlyphs VALUES('at', 33, 263, NULL, NULL, 719, 9476, 8752, 8982, NULL, NULL, 12992);
INSERT INTO lgcGlyphs VALUES('atilde', 196, NULL, NULL, NULL, NULL, 9639, 8915, NULL, NULL, NULL, 13155);
INSERT INTO lgcGlyphs VALUES('Atilde', 167, NULL, NULL, NULL, NULL, 9610, 8886, NULL, NULL, NULL, 13126);
INSERT INTO lgcGlyphs VALUES('aturn', 15832, NULL, NULL, NULL, NULL, NULL, 16635, NULL, NULL, NULL, NULL);
INSERT INTO lgcGlyphs VALUES('b', 67, 297, NULL, NULL, 817, 9510, 8786, 9016, NULL, NULL, 13026);
INSERT INTO lgcGlyphs VALUES('B', 35, 265, NULL, NULL, 791, 9478, 8754, 8984, NULL, NULL, 12994);
INSERT INTO lgcGlyphs VALUES('backslash', 97, 8719, NULL, NULL, 664, 9540, 8816, 9083, NULL, NULL, 13056);
INSERT INTO lgcGlyphs VALUES('bar', 99, 323, NULL, NULL, NULL, 9542, 8818, 9042, NULL, NULL, 13058);
INSERT INTO lgcGlyphs VALUES('be', 1093, NULL, NULL, NULL, NULL, NULL, NULL, NULL, NULL, NULL, NULL);
INSERT INTO lgcGlyphs VALUES('Be', 1060, NULL, NULL, NULL, NULL, NULL, NULL, NULL, NULL, NULL, NULL);
INSERT INTO lgcGlyphs VALUES('beta', 1036, NULL, NULL, NULL, NULL, NULL, NULL, NULL, NULL, NULL, NULL);
INSERT INTO lgcGlyphs VALUES('Beta', 1012, NULL, NULL, NULL, NULL, NULL, NULL, NULL, NULL, NULL, NULL);
INSERT INTO lgcGlyphs VALUES('bhook', 15822, NULL, NULL, NULL, NULL, NULL, 16625, NULL, NULL, NULL, NULL);
INSERT INTO lgcGlyphs VALUES('bilabialclick', 15820, NULL, NULL, NULL, NULL, NULL, 16623, NULL, NULL, NULL, NULL);
INSERT INTO lgcGlyphs VALUES('braceleft', 92, 322, NULL, NULL, 680, 9535, 8811, 9041, NULL, NULL, 13051);
INSERT INTO lgcGlyphs VALUES('braceright', 94, 324, NULL, NULL, 681, 9537, 8813, 9043, NULL, NULL, 13053);
INSERT INTO lgcGlyphs VALUES('bracketleft', 60, 290, NULL, NULL, 678, 9503, 8779, 9009, NULL, NULL, 13019);
INSERT INTO lgcGlyphs VALUES('bracketright', 62, 292, NULL, NULL, 679, 9505, 8781, 9011, NULL, NULL, 13021);
INSERT INTO lgcGlyphs VALUES('breve', 130, NULL, NULL, NULL, NULL, NULL, 8849, NULL, NULL, NULL, NULL);
INSERT INTO lgcGlyphs VALUES('brokenbar', 93, NULL, NULL, NULL, 8005, 9536, 8812, NULL, NULL, NULL, 13052);
INSERT INTO lgcGlyphs VALUES('Bsmallcap', 15891, NULL, NULL, NULL, NULL, NULL, 16694, NULL, NULL, NULL, NULL);
INSERT INTO lgcGlyphs VALUES('bullet', 119, NULL, NULL, NULL, NULL, 9562, 8838, NULL, NULL, NULL, 13078);
INSERT INTO lgcGlyphs VALUES('c', 68, 298, NULL, NULL, 818, 9511, 8787, 9017, NULL, NULL, 13027);
INSERT INTO lgcGlyphs VALUES('C', 36, 266, NULL, NULL, 792, 9479, 8755, 8985, NULL, NULL, 12995);
INSERT INTO lgcGlyphs VALUES('cacute', 15771, NULL, NULL, NULL, NULL, 15953, 16574, NULL, NULL, NULL, 16756);
INSERT INTO lgcGlyphs VALUES('Cacute', 15758, NULL, NULL, NULL, NULL, 15940, 16561, NULL, NULL, NULL, 16743);
INSERT INTO lgcGlyphs VALUES('caron', 137, NULL, NULL, NULL, NULL, NULL, 8856, NULL, NULL, NULL, NULL);
INSERT INTO lgcGlyphs VALUES('ccaron', 15772, NULL, NULL, NULL, NULL, 15954, 16575, NULL, NULL, NULL, 16757);
INSERT INTO lgcGlyphs VALUES('Ccaron', 15759, NULL, NULL, NULL, NULL, 15941, 16562, NULL, NULL, NULL, 16744);
INSERT INTO lgcGlyphs VALUES('ccedilla', 199, 604, NULL, NULL, NULL, 9642, 8918, 9054, NULL, NULL, 13158);
INSERT INTO lgcGlyphs VALUES('Ccedilla', 170, 605, NULL, NULL, NULL, 9613, 8889, 9055, NULL, NULL, 13129);
INSERT INTO lgcGlyphs VALUES('ccircumflex', 15789, NULL, NULL, NULL, NULL, 15970, 16592, NULL, NULL, NULL, 16773);
INSERT INTO lgcGlyphs VALUES('Ccircumflex', 15783, NULL, NULL, NULL, NULL, 15964, 16586, NULL, NULL, NULL, 16767);
INSERT INTO lgcGlyphs VALUES('ccurl', 15841, NULL, NULL, NULL, NULL, NULL, 16644, NULL, NULL, NULL, NULL);
INSERT INTO lgcGlyphs VALUES('cdotaccent', 20352, NULL, NULL, NULL, NULL, 20407, 20996, NULL, NULL, NULL, 21051);
INSERT INTO lgcGlyphs VALUES('Cdotaccent', 20333, NULL, NULL, NULL, NULL, 20388, 20977, NULL, NULL, NULL, 21032);
INSERT INTO lgcGlyphs VALUES('cedilla', 134, NULL, NULL, NULL, NULL, 9577, 8853, NULL, NULL, NULL, 13093);
INSERT INTO lgcGlyphs VALUES('celsius', NULL, NULL, NULL, NULL, 710, NULL, NULL, NULL, NULL, NULL, NULL);
INSERT INTO lgcGlyphs VALUES('cent', 102, 608, NULL, NULL, 713, 9545, 8821, 9058, NULL, NULL, 13061);
INSERT INTO lgcGlyphs VALUES('che', 1116, NULL, NULL, NULL, NULL, NULL, NULL, NULL, NULL, NULL, NULL);
INSERT INTO lgcGlyphs VALUES('Che', 1083, NULL, NULL, NULL, NULL, NULL, NULL, NULL, NULL, NULL, NULL);
INSERT INTO lgcGlyphs VALUES('chi', 1056, NULL, NULL, NULL, NULL, NULL, NULL, NULL, NULL, NULL, NULL);
INSERT INTO lgcGlyphs VALUES('Chi', 1032, NULL, NULL, NULL, NULL, NULL, NULL, NULL, NULL, NULL, NULL);
INSERT INTO lgcGlyphs VALUES('circumflex', 128, NULL, NULL, NULL, NULL, 9571, 8847, NULL, NULL, NULL, 13087);
INSERT INTO lgcGlyphs VALUES('clickalveolar', 15821, NULL, NULL, NULL, NULL, NULL, 16624, NULL, NULL, NULL, NULL);
INSERT INTO lgcGlyphs VALUES('colon', 27, 257, 9756, 9776, 639, 9470, 8746, 8976, 13272, 13292, 12986);
INSERT INTO lgcGlyphs VALUES('comma', 13, 243, 9751, 9771, 636, 9456, 8732, 8962, 13267, 13287, 12972);
INSERT INTO lgcGlyphs VALUES('commaturnedmod', 98, NULL, NULL, NULL, NULL, 9541, 8817, NULL, NULL, NULL, 13057);
INSERT INTO lgcGlyphs VALUES('copyright', 152, NULL, NULL, NULL, NULL, 9595, 8871, NULL, NULL, NULL, 13111);
INSERT INTO lgcGlyphs VALUES('currency', 107, NULL, NULL, NULL, NULL, 9550, 8826, NULL, NULL, NULL, 13066);
INSERT INTO lgcGlyphs VALUES('d', 69, 299, NULL, NULL, 819, 9512, 8788, 9018, NULL, NULL, 13028);
INSERT INTO lgcGlyphs VALUES('D', 37, 267, NULL, NULL, 793, 9480, 8756, 8986, NULL, NULL, 12996);
INSERT INTO lgcGlyphs VALUES('dagger', 115, NULL, NULL, NULL, 776, 9558, 8834, NULL, NULL, NULL, 13074);
INSERT INTO lgcGlyphs VALUES('daggerdbl', 116, NULL, NULL, NULL, 777, 9559, 8835, NULL, NULL, NULL, 13075);
INSERT INTO lgcGlyphs VALUES('dcaron', 15774, NULL, NULL, NULL, NULL, 15956, 16577, NULL, NULL, NULL, 16759);
INSERT INTO lgcGlyphs VALUES('Dcaron', 15761, NULL, NULL, NULL, NULL, 15943, 16564, NULL, NULL, NULL, 16746);
INSERT INTO lgcGlyphs VALUES('dcroat', 15775, NULL, NULL, NULL, NULL, 15957, 16578, NULL, NULL, NULL, 16760);
INSERT INTO lgcGlyphs VALUES('Dcroat', 20322, NULL, NULL, NULL, NULL, 20377, 20966, NULL, NULL, NULL, 21021);
INSERT INTO lgcGlyphs VALUES('de', 1096, NULL, NULL, NULL, NULL, NULL, NULL, NULL, NULL, NULL, NULL);
INSERT INTO lgcGlyphs VALUES('De', 1063, NULL, NULL, NULL, NULL, NULL, NULL, NULL, NULL, NULL, NULL);
INSERT INTO lgcGlyphs VALUES('degree', 155, NULL, NULL, NULL, 707, 9598, 8874, NULL, NULL, NULL, 13114);
INSERT INTO lgcGlyphs VALUES('delta', 1038, NULL, NULL, NULL, NULL, NULL, NULL, NULL, NULL, NULL, NULL);
INSERT INTO lgcGlyphs VALUES('Delta', 1014, NULL, NULL, NULL, NULL, NULL, NULL, NULL, NULL, NULL, NULL);
INSERT INTO lgcGlyphs VALUES('Delta.math', 20367, NULL, NULL, NULL, NULL, 20422, 21011, NULL, NULL, NULL, 21066);
INSERT INTO lgcGlyphs VALUES('dhook', 15823, NULL, NULL, NULL, NULL, NULL, 16626, NULL, NULL, NULL, NULL);
INSERT INTO lgcGlyphs VALUES('dieresis', 132, 502, NULL, NULL, 647, NULL, 8851, 9047, NULL, NULL, NULL);
INSERT INTO lgcGlyphs VALUES('dieresistonos', 20318, NULL, NULL, NULL, NULL, 20373, 20962, NULL, NULL, NULL, 21017);
INSERT INTO lgcGlyphs VALUES('divide', 215, NULL, NULL, NULL, 696, 9658, 8934, NULL, NULL, NULL, 13174);
INSERT INTO lgcGlyphs VALUES('dje', 20460, NULL, NULL, NULL, NULL, NULL, NULL, NULL, NULL, NULL, NULL);
INSERT INTO lgcGlyphs VALUES('Dje', 20447, NULL, NULL, NULL, NULL, NULL, NULL, NULL, NULL, NULL, NULL);
INSERT INTO lgcGlyphs VALUES('dollar', 5, 235, NULL, NULL, 712, 9448, 8724, 8954, NULL, NULL, 12964);
INSERT INTO lgcGlyphs VALUES('dotaccent', 131, NULL, NULL, NULL, NULL, NULL, 8850, NULL, NULL, NULL, NULL);
INSERT INTO lgcGlyphs VALUES('dotlessi', 146, NULL, NULL, NULL, NULL, 9589, 8865, NULL, NULL, NULL, 13105);
INSERT INTO lgcGlyphs VALUES('dotlessj', 9435, NULL, NULL, NULL, NULL, NULL, 12951, NULL, NULL, NULL, NULL);
INSERT INTO lgcGlyphs VALUES('dotlessjstrokehook', 15824, NULL, NULL, NULL, NULL, NULL, 16627, NULL, NULL, NULL, NULL);
INSERT INTO lgcGlyphs VALUES('drthook', 15802, NULL, NULL, NULL, NULL, NULL, 16605, NULL, NULL, NULL, NULL);
INSERT INTO lgcGlyphs VALUES('dze', 20463, NULL, NULL, NULL, NULL, NULL, NULL, NULL, NULL, NULL, NULL);
INSERT INTO lgcGlyphs VALUES('Dze', 20450, NULL, NULL, NULL, NULL, NULL, NULL, NULL, NULL, NULL, NULL);
INSERT INTO lgcGlyphs VALUES('dzhe', 20472, NULL, NULL, NULL, NULL, NULL, NULL, NULL, NULL, NULL, NULL);
INSERT INTO lgcGlyphs VALUES('Dzhe', 20459, NULL, NULL, NULL, NULL, NULL, NULL, NULL, NULL, NULL, NULL);
INSERT INTO lgcGlyphs VALUES('e', 70, 300, NULL, NULL, 820, 9513, 8789, 9019, NULL, NULL, 13029);
INSERT INTO lgcGlyphs VALUES('E', 38, 268, NULL, NULL, 794, 9481, 8757, 8987, NULL, NULL, 12997);
INSERT INTO lgcGlyphs VALUES('e.cyr', 1122, NULL, NULL, NULL, NULL, NULL, NULL, NULL, NULL, NULL, NULL);
INSERT INTO lgcGlyphs VALUES('E.cyr', 1089, NULL, NULL, NULL, NULL, NULL, NULL, NULL, NULL, NULL, NULL);
INSERT INTO lgcGlyphs VALUES('eacute', 201, 601, NULL, NULL, NULL, 9644, 8920, 9051, NULL, NULL, 13160);
INSERT INTO lgcGlyphs VALUES('Eacute', 172, NULL, NULL, NULL, NULL, 9615, 8891, NULL, NULL, NULL, 13131);
INSERT INTO lgcGlyphs VALUES('ecaron', 9407, NULL, NULL, NULL, NULL, 9727, 12923, NULL, NULL, NULL, 13243);
INSERT INTO lgcGlyphs VALUES('Ecaron', 9395, NULL, NULL, NULL, NULL, 9715, 12911, NULL, NULL, NULL, 13231);
INSERT INTO lgcGlyphs VALUES('ecircumflex', 202, 623, NULL, NULL, NULL, 9645, 8921, 9073, NULL, NULL, 13161);
INSERT INTO lgcGlyphs VALUES('Ecircumflex', 173, NULL, NULL, NULL, NULL, 9616, 8892, NULL, NULL, NULL, 13132);
INSERT INTO lgcGlyphs VALUES('edieresis', 203, 618, NULL, NULL, NULL, 9646, 8922, 9068, NULL, NULL, 13162);
INSERT INTO lgcGlyphs VALUES('Edieresis', 174, NULL, NULL, NULL, NULL, 9617, 8893, NULL, NULL, NULL, 13133);
INSERT INTO lgcGlyphs VALUES('edotaccent', 20353, NULL, NULL, NULL, NULL, 20408, 20997, NULL, NULL, NULL, 21052);
INSERT INTO lgcGlyphs VALUES('Edotaccent', 20334, NULL, NULL, NULL, NULL, 20389, 20978, NULL, NULL, NULL, 21033);
INSERT INTO lgcGlyphs VALUES('ef', 1113, NULL, NULL, NULL, NULL, NULL, NULL, NULL, NULL, NULL, NULL);
INSERT INTO lgcGlyphs VALUES('Ef', 1080, NULL, NULL, NULL, NULL, NULL, NULL, NULL, NULL, NULL, NULL);
INSERT INTO lgcGlyphs VALUES('egrave', 200, 628, NULL, NULL, NULL, 9643, 8919, 9078, NULL, NULL, 13159);
INSERT INTO lgcGlyphs VALUES('Egrave', 171, NULL, NULL, NULL, NULL, 9614, 8890, NULL, NULL, NULL, 13130);
INSERT INTO lgcGlyphs VALUES('eight', 25, 255, 9746, 9766, 788, 9468, 8744, 8974, 13262, 13282, 12984);
INSERT INTO lgcGlyphs VALUES('eight.inferior', 9392, NULL, NULL, NULL, NULL, 9712, 12908, NULL, NULL, NULL, 13228);
INSERT INTO lgcGlyphs VALUES('eight.superior', 9382, NULL, NULL, NULL, NULL, 9702, 12898, NULL, NULL, NULL, 13218);
INSERT INTO lgcGlyphs VALUES('el', 1104, NULL, NULL, NULL, NULL, NULL, NULL, NULL, NULL, NULL, NULL);
INSERT INTO lgcGlyphs VALUES('El', 1071, NULL, NULL, NULL, NULL, NULL, NULL, NULL, NULL, NULL, NULL);
INSERT INTO lgcGlyphs VALUES('ellipsis', 124, NULL, NULL, NULL, NULL, 9567, 8843, NULL, NULL, NULL, 13083);
INSERT INTO lgcGlyphs VALUES('em', 1105, NULL, NULL, NULL, NULL, NULL, NULL, NULL, NULL, NULL, NULL);
INSERT INTO lgcGlyphs VALUES('Em', 1072, NULL, NULL, NULL, NULL, NULL, NULL, NULL, NULL, NULL, NULL);
INSERT INTO lgcGlyphs VALUES('emacron', 9364, NULL, NULL, NULL, NULL, 9684, 12880, NULL, NULL, NULL, 13200);
INSERT INTO lgcGlyphs VALUES('Emacron', 9369, NULL, NULL, NULL, NULL, 9689, 12885, NULL, NULL, NULL, 13205);
INSERT INTO lgcGlyphs VALUES('emdash', 138, NULL, NULL, NULL, NULL, NULL, 8857, NULL, NULL, NULL, NULL);
INSERT INTO lgcGlyphs VALUES('en', 1106, NULL, NULL, NULL, NULL, NULL, NULL, NULL, NULL, NULL, NULL);
INSERT INTO lgcGlyphs VALUES('En', 1073, NULL, NULL, NULL, NULL, NULL, NULL, NULL, NULL, NULL, NULL);
INSERT INTO lgcGlyphs VALUES('eng', 9436, NULL, NULL, NULL, NULL, NULL, 12952, NULL, NULL, NULL, NULL);
INSERT INTO lgcGlyphs VALUES('Eng', 20326, NULL, NULL, NULL, NULL, 20381, 20970, NULL, NULL, NULL, 21025);
INSERT INTO lgcGlyphs VALUES('eogonek', 15773, NULL, NULL, NULL, NULL, 15955, 16576, NULL, NULL, NULL, 16758);
INSERT INTO lgcGlyphs VALUES('Eogonek', 15760, NULL, NULL, NULL, NULL, 15942, 16563, NULL, NULL, NULL, 16745);
INSERT INTO lgcGlyphs VALUES('eopen', 9432, NULL, NULL, NULL, NULL, NULL, 12948, NULL, NULL, NULL, NULL);
INSERT INTO lgcGlyphs VALUES('eopenacute', 9433, NULL, NULL, NULL, NULL, NULL, 12949, NULL, NULL, NULL, NULL);
INSERT INTO lgcGlyphs VALUES('eopengrave', 9434, NULL, NULL, NULL, NULL, NULL, 12950, NULL, NULL, NULL, NULL);
INSERT INTO lgcGlyphs VALUES('eopenreversed', 15830, NULL, NULL, NULL, NULL, NULL, 16633, NULL, NULL, NULL, NULL);
INSERT INTO lgcGlyphs VALUES('eopenreversedclosed', 15831, NULL, NULL, NULL, NULL, NULL, 16634, NULL, NULL, NULL, NULL);
INSERT INTO lgcGlyphs VALUES('epsilon', 1039, NULL, NULL, NULL, NULL, NULL, NULL, NULL, NULL, NULL, NULL);
INSERT INTO lgcGlyphs VALUES('Epsilon', 1015, NULL, NULL, NULL, NULL, NULL, NULL, NULL, NULL, NULL, NULL);
INSERT INTO lgcGlyphs VALUES('epsilontonos', 20437, NULL, NULL, NULL, NULL, NULL, NULL, NULL, NULL, NULL, NULL);
INSERT INTO lgcGlyphs VALUES('Epsilontonos', 20428, NULL, NULL, NULL, NULL, NULL, NULL, NULL, NULL, NULL, NULL);
INSERT INTO lgcGlyphs VALUES('equal', 30, 260, 9750, 9770, 697, 9473, 8749, 8979, 13266, 13286, 12989);
INSERT INTO lgcGlyphs VALUES('equivalence', NULL, NULL, NULL, NULL, 761, NULL, NULL, NULL, NULL, NULL, NULL);
INSERT INTO lgcGlyphs VALUES('er', 1109, NULL, NULL, NULL, NULL, NULL, NULL, NULL, NULL, NULL, NULL);
INSERT INTO lgcGlyphs VALUES('Er', 1076, NULL, NULL, NULL, NULL, NULL, NULL, NULL, NULL, NULL, NULL);
INSERT INTO lgcGlyphs VALUES('ereversed', 15829, NULL, NULL, NULL, NULL, NULL, 16632, NULL, NULL, NULL, NULL);
INSERT INTO lgcGlyphs VALUES('ering', 9408, NULL, NULL, NULL, NULL, 9728, 12924, NULL, NULL, NULL, 13244);
INSERT INTO lgcGlyphs VALUES('Ering', 9396, NULL, NULL, NULL, NULL, 9716, 12912, NULL, NULL, NULL, 13232);
INSERT INTO lgcGlyphs VALUES('es', 1110, NULL, NULL, NULL, NULL, NULL, NULL, NULL, NULL, NULL, NULL);
INSERT INTO lgcGlyphs VALUES('Es', 1077, NULL, NULL, NULL, NULL, NULL, NULL, NULL, NULL, NULL, NULL);
INSERT INTO lgcGlyphs VALUES('esh', 9442, NULL, NULL, NULL, NULL, NULL, 12958, NULL, NULL, NULL, NULL);
INSERT INTO lgcGlyphs VALUES('estimated', 20366, NULL, NULL, NULL, NULL, 20421, 21010, NULL, NULL, NULL, NULL);
INSERT INTO lgcGlyphs VALUES('eta', 1041, NULL, NULL, NULL, NULL, NULL, NULL, NULL, NULL, NULL, NULL);
INSERT INTO lgcGlyphs VALUES('Eta', 1017, NULL, NULL, NULL, NULL, NULL, NULL, NULL, NULL, NULL, NULL);
INSERT INTO lgcGlyphs VALUES('etatonos', 20438, NULL, NULL, NULL, NULL, NULL, NULL, NULL, NULL, NULL, NULL);
INSERT INTO lgcGlyphs VALUES('Etatonos', 20429, NULL, NULL, NULL, NULL, NULL, NULL, NULL, NULL, NULL, NULL);
INSERT INTO lgcGlyphs VALUES('eth', 208, NULL, NULL, NULL, NULL, 9651, 8927, NULL, NULL, NULL, 13167);
INSERT INTO lgcGlyphs VALUES('Eth', 179, NULL, NULL, NULL, NULL, 9622, 8898, NULL, NULL, NULL, 13138);
INSERT INTO lgcGlyphs VALUES('etilde', 9409, NULL, NULL, NULL, NULL, 9729, 12925, NULL, NULL, NULL, 13245);
INSERT INTO lgcGlyphs VALUES('Etilde', 9397, NULL, NULL, NULL, NULL, 9717, 12913, NULL, NULL, NULL, 13233);
INSERT INTO lgcGlyphs VALUES('euro', 9354, NULL, NULL, NULL, NULL, 9674, 12870, NULL, NULL, NULL, 13190);
INSERT INTO lgcGlyphs VALUES('exclam', 2, 232, NULL, NULL, 642, 9445, 8721, 8951, NULL, NULL, 12961);
INSERT INTO lgcGlyphs VALUES('exclamdown', 101, 612, NULL, NULL, NULL, 9544, 8820, 9062, NULL, NULL, 13060);
INSERT INTO lgcGlyphs VALUES('ezh', 9441, NULL, NULL, NULL, NULL, NULL, 12957, NULL, NULL, NULL, NULL);
INSERT INTO lgcGlyphs VALUES('f', 71, 301, NULL, NULL, 821, 9514, 8790, 9020, NULL, NULL, 13030);
INSERT INTO lgcGlyphs VALUES('F', 39, 269, NULL, NULL, 795, 9482, 8758, 8988, NULL, NULL, 12998);
INSERT INTO lgcGlyphs VALUES('f_f', 9358, NULL, NULL, NULL, NULL, 9678, 12874, NULL, NULL, NULL, 13194);
INSERT INTO lgcGlyphs VALUES('f_f_i', 9359, NULL, NULL, NULL, NULL, 9679, 12875, NULL, NULL, NULL, 13195);
INSERT INTO lgcGlyphs VALUES('f_f_l', 9360, NULL, NULL, NULL, NULL, 9680, 12876, NULL, NULL, NULL, 13196);
INSERT INTO lgcGlyphs VALUES('f_i', 112, NULL, NULL, NULL, NULL, 9555, 8831, NULL, NULL, NULL, 13071);
INSERT INTO lgcGlyphs VALUES('f_l', 113, NULL, NULL, NULL, NULL, 9556, 8832, NULL, NULL, NULL, 13072);
INSERT INTO lgcGlyphs VALUES('figuredash', 114, NULL, NULL, NULL, NULL, 9557, 8833, NULL, NULL, NULL, 13073);
INSERT INTO lgcGlyphs VALUES('five', 22, 252, 9743, 9763, 785, 9465, 8741, 8971, 13259, 13279, 12981);
INSERT INTO lgcGlyphs VALUES('five.inferior', 9389, NULL, NULL, NULL, NULL, 9709, 12905, NULL, NULL, NULL, 13225);
INSERT INTO lgcGlyphs VALUES('five.superior', 9379, NULL, NULL, NULL, NULL, 9699, 12895, NULL, NULL, NULL, 13215);
INSERT INTO lgcGlyphs VALUES('fiveeighths', 9373, NULL, NULL, NULL, NULL, 9693, 12889, NULL, NULL, NULL, 13209);
INSERT INTO lgcGlyphs VALUES('florin', 105, NULL, NULL, NULL, NULL, 9548, 8824, NULL, NULL, NULL, 13064);
INSERT INTO lgcGlyphs VALUES('four', 21, 251, 9742, 9762, 784, 9464, 8740, 8970, 13258, 13278, 12980);
INSERT INTO lgcGlyphs VALUES('four.inferior', 9388, NULL, NULL, NULL, NULL, 9708, 12904, NULL, NULL, NULL, 13224);
INSERT INTO lgcGlyphs VALUES('four.superior', 9378, NULL, NULL, NULL, NULL, 9698, 12894, NULL, NULL, NULL, 13214);
INSERT INTO lgcGlyphs VALUES('fraction', 104, NULL, NULL, NULL, NULL, 9547, 8823, NULL, NULL, NULL, 13063);
INSERT INTO lgcGlyphs VALUES('g', 72, 302, NULL, NULL, 822, 9515, 8791, 9021, NULL, NULL, 13031);
INSERT INTO lgcGlyphs VALUES('G', 40, 270, NULL, NULL, 796, 9483, 8759, 8989, NULL, NULL, 12999);
INSERT INTO lgcGlyphs VALUES('gacute', 20354, NULL, NULL, NULL, NULL, 20409, 20998, NULL, NULL, NULL, 21053);
INSERT INTO lgcGlyphs VALUES('gamma', 1037, NULL, NULL, NULL, NULL, NULL, NULL, NULL, NULL, NULL, NULL);
INSERT INTO lgcGlyphs VALUES('Gamma', 1013, NULL, NULL, NULL, NULL, NULL, NULL, NULL, NULL, NULL, NULL);
INSERT INTO lgcGlyphs VALUES('gammalatin', 15884, NULL, NULL, NULL, NULL, NULL, 16687, NULL, NULL, NULL, NULL);
INSERT INTO lgcGlyphs VALUES('gammasuper', 15898, NULL, NULL, NULL, NULL, NULL, 16701, NULL, NULL, NULL, NULL);
INSERT INTO lgcGlyphs VALUES('gbreve', 20355, NULL, NULL, NULL, NULL, 20410, 20999, NULL, NULL, NULL, 21054);
INSERT INTO lgcGlyphs VALUES('Gbreve', 20335, NULL, NULL, NULL, NULL, 20390, 20979, NULL, NULL, NULL, 21034);
INSERT INTO lgcGlyphs VALUES('gcircumflex', 15790, NULL, NULL, NULL, NULL, 15971, 16593, NULL, NULL, NULL, 16774);
INSERT INTO lgcGlyphs VALUES('Gcircumflex', 15784, NULL, NULL, NULL, NULL, 15965, 16587, NULL, NULL, NULL, 16768);
INSERT INTO lgcGlyphs VALUES('Gcommaaccent', 20336, NULL, NULL, NULL, NULL, 20391, 20980, NULL, NULL, NULL, 21035);
INSERT INTO lgcGlyphs VALUES('gdotaccent', 20356, NULL, NULL, NULL, NULL, 20411, 21000, NULL, NULL, NULL, 21055);
INSERT INTO lgcGlyphs VALUES('Gdotaccent', 20337, NULL, NULL, NULL, NULL, 20392, 20981, NULL, NULL, NULL, 21036);
INSERT INTO lgcGlyphs VALUES('ge', 1095, NULL, NULL, NULL, NULL, NULL, NULL, NULL, NULL, NULL, NULL);
INSERT INTO lgcGlyphs VALUES('Ge', 1062, NULL, NULL, NULL, NULL, NULL, NULL, NULL, NULL, NULL, NULL);
INSERT INTO lgcGlyphs VALUES('germandbls', 150, 603, NULL, NULL, NULL, 9593, 8869, 9053, NULL, NULL, 13109);
INSERT INTO lgcGlyphs VALUES('ghook', 15825, NULL, NULL, NULL, NULL, NULL, 16628, NULL, NULL, NULL, NULL);
INSERT INTO lgcGlyphs VALUES('Ghook', 15826, NULL, NULL, NULL, NULL, NULL, 16629, NULL, NULL, NULL, NULL);
INSERT INTO lgcGlyphs VALUES('gje', 20461, NULL, NULL, NULL, NULL, NULL, NULL, NULL, NULL, NULL, NULL);
INSERT INTO lgcGlyphs VALUES('Gje', 20448, NULL, NULL, NULL, NULL, NULL, NULL, NULL, NULL, NULL, NULL);
INSERT INTO lgcGlyphs VALUES('glottalstop', 15818, NULL, NULL, NULL, NULL, NULL, 16621, NULL, NULL, NULL, NULL);
INSERT INTO lgcGlyphs VALUES('glottalstopreversed', 15817, NULL, NULL, NULL, NULL, NULL, 16620, NULL, NULL, NULL, NULL);
INSERT INTO lgcGlyphs VALUES('glottalstopreversedmod', 15897, NULL, NULL, NULL, NULL, NULL, 16700, NULL, NULL, NULL, NULL);
INSERT INTO lgcGlyphs VALUES('glottalstopstroke', 15840, NULL, NULL, NULL, NULL, NULL, 16643, NULL, NULL, NULL, NULL);
INSERT INTO lgcGlyphs VALUES('glottalstopstrokereversed', 15839, NULL, NULL, NULL, NULL, NULL, 16642, NULL, NULL, NULL, NULL);
INSERT INTO lgcGlyphs VALUES('grave', 65, 390, NULL, NULL, 646, 9508, 8784, 9045, NULL, NULL, 13024);
INSERT INTO lgcGlyphs VALUES('greater', 31, 261, NULL, NULL, 700, 9474, 8750, 8980, NULL, NULL, 12990);
INSERT INTO lgcGlyphs VALUES('greaterequal', 20370, NULL, NULL, NULL, NULL, 20425, 21014, NULL, NULL, NULL, 21069);
INSERT INTO lgcGlyphs VALUES('greateroverequal', NULL, NULL, NULL, NULL, 702, NULL, NULL, NULL, NULL, NULL, NULL);
INSERT INTO lgcGlyphs VALUES('gscript', 15813, NULL, NULL, NULL, NULL, NULL, 16616, NULL, NULL, NULL, NULL);
INSERT INTO lgcGlyphs VALUES('Gsmallcap', 15883, NULL, NULL, NULL, NULL, NULL, 16686, NULL, NULL, NULL, NULL);
INSERT INTO lgcGlyphs VALUES('guillemotleft', 109, NULL, NULL, NULL, NULL, 9552, 8828, NULL, NULL, NULL, 13068);
INSERT INTO lgcGlyphs VALUES('guillemotright', 123, NULL, NULL, NULL, NULL, 9566, 8842, NULL, NULL, NULL, 13082);
INSERT INTO lgcGlyphs VALUES('guilsinglleft', 110, NULL, NULL, NULL, NULL, 9553, 8829, NULL, NULL, NULL, 13069);
INSERT INTO lgcGlyphs VALUES('guilsinglright', 111, NULL, NULL, NULL, NULL, 9554, 8830, NULL, NULL, NULL, 13070);
INSERT INTO lgcGlyphs VALUES('h', 73, 303, NULL, NULL, 823, 9516, 8792, 9022, NULL, NULL, 13032);
INSERT INTO lgcGlyphs VALUES('H', 41, 271, NULL, NULL, 797, 9484, 8760, 8990, NULL, NULL, 13000);
INSERT INTO lgcGlyphs VALUES('halflength', 15848, NULL, NULL, NULL, NULL, NULL, 16651, NULL, NULL, NULL, NULL);
INSERT INTO lgcGlyphs VALUES('hard', 1119, NULL, NULL, NULL, NULL, NULL, NULL, NULL, NULL, NULL, NULL);
INSERT INTO lgcGlyphs VALUES('Hard', 1086, NULL, NULL, NULL, NULL, NULL, NULL, NULL, NULL, NULL, NULL);
INSERT INTO lgcGlyphs VALUES('hbar', 15816, NULL, NULL, NULL, NULL, NULL, 16619, NULL, NULL, NULL, NULL);
INSERT INTO lgcGlyphs VALUES('Hbar', 20323, NULL, NULL, NULL, NULL, 20378, 20967, NULL, NULL, NULL, 21022);
INSERT INTO lgcGlyphs VALUES('hcircumflex', 15791, NULL, NULL, NULL, NULL, 15972, 16594, NULL, NULL, NULL, 16775);
INSERT INTO lgcGlyphs VALUES('Hcircumflex', 15785, NULL, NULL, NULL, NULL, 15966, 16588, NULL, NULL, NULL, 16769);
INSERT INTO lgcGlyphs VALUES('henghook', 15844, NULL, NULL, NULL, NULL, NULL, 16647, NULL, NULL, NULL, NULL);
INSERT INTO lgcGlyphs VALUES('hhook', 15819, NULL, NULL, NULL, NULL, NULL, 16622, NULL, NULL, NULL, NULL);
INSERT INTO lgcGlyphs VALUES('Hsmallcap', 15892, NULL, NULL, NULL, NULL, NULL, 16695, NULL, NULL, NULL, NULL);
INSERT INTO lgcGlyphs VALUES('hsuper', 15894, NULL, NULL, NULL, NULL, NULL, 16697, NULL, NULL, NULL, NULL);
INSERT INTO lgcGlyphs VALUES('hturn', 15838, NULL, NULL, NULL, NULL, NULL, 16641, NULL, NULL, NULL, NULL);
INSERT INTO lgcGlyphs VALUES('hungarumlaut', 135, NULL, NULL, NULL, NULL, NULL, 8854, NULL, NULL, NULL, NULL);
INSERT INTO lgcGlyphs VALUES('hyphen', 14, 244, 9749, 9769, 662, 9457, 8733, 8963, 13265, 13285, 12973);
INSERT INTO lgcGlyphs VALUES('i', 74, 304, NULL, NULL, 824, 9517, 8793, 9023, NULL, NULL, 13033);
INSERT INTO lgcGlyphs VALUES('I', 42, 272, NULL, NULL, 798, 9485, 8761, 8991, NULL, NULL, 13001);
INSERT INTO lgcGlyphs VALUES('i.cyr', 1101, NULL, NULL, NULL, NULL, NULL, NULL, NULL, NULL, NULL, NULL);
INSERT INTO lgcGlyphs VALUES('I.cyr', 1068, NULL, NULL, NULL, NULL, NULL, NULL, NULL, NULL, NULL, NULL);
INSERT INTO lgcGlyphs VALUES('i.short', 1102, NULL, NULL, NULL, NULL, NULL, NULL, NULL, NULL, NULL, NULL);
INSERT INTO lgcGlyphs VALUES('I.short', 1069, NULL, NULL, NULL, NULL, NULL, NULL, NULL, NULL, NULL, NULL);
INSERT INTO lgcGlyphs VALUES('i.ukran', 20464, NULL, NULL, NULL, NULL, NULL, NULL, NULL, NULL, NULL, NULL);
INSERT INTO lgcGlyphs VALUES('I.ukran', 20451, NULL, NULL, NULL, NULL, NULL, NULL, NULL, NULL, NULL, NULL);
INSERT INTO lgcGlyphs VALUES('ia', 1124, NULL, NULL, NULL, NULL, NULL, NULL, NULL, NULL, NULL, NULL);
INSERT INTO lgcGlyphs VALUES('Ia', 1091, NULL, NULL, NULL, NULL, NULL, NULL, NULL, NULL, NULL, NULL);
INSERT INTO lgcGlyphs VALUES('iacute', 205, 602, NULL, NULL, NULL, 9648, 8924, 9052, NULL, NULL, 13164);
INSERT INTO lgcGlyphs VALUES('Iacute', 176, NULL, NULL, NULL, NULL, 9619, 8895, NULL, NULL, NULL, 13135);
INSERT INTO lgcGlyphs VALUES('ibar', 15827, NULL, NULL, NULL, NULL, NULL, 16630, NULL, NULL, NULL, NULL);
INSERT INTO lgcGlyphs VALUES('icaron', 9410, NULL, NULL, NULL, NULL, 9730, 12926, NULL, NULL, NULL, 13246);
INSERT INTO lgcGlyphs VALUES('Icaron', 9398, NULL, NULL, NULL, NULL, 9718, 12914, NULL, NULL, NULL, 13234);
INSERT INTO lgcGlyphs VALUES('icircumflex', 206, 624, NULL, NULL, NULL, 9649, 8925, 9074, NULL, NULL, 13165);
INSERT INTO lgcGlyphs VALUES('Icircumflex', 177, NULL, NULL, NULL, NULL, 9620, 8896, NULL, NULL, NULL, 13136);
INSERT INTO lgcGlyphs VALUES('idieresis', 207, 619, NULL, NULL, NULL, 9650, 8926, 9069, NULL, NULL, 13166);
INSERT INTO lgcGlyphs VALUES('Idieresis', 178, NULL, NULL, NULL, NULL, 9621, 8897, NULL, NULL, NULL, 13137);
INSERT INTO lgcGlyphs VALUES('Idotaccent', 20338, NULL, NULL, NULL, NULL, 20393, 20982, NULL, NULL, NULL, 21037);
INSERT INTO lgcGlyphs VALUES('ie', 1097, NULL, NULL, NULL, NULL, NULL, NULL, NULL, NULL, NULL, NULL);
INSERT INTO lgcGlyphs VALUES('Ie', 1064, NULL, NULL, NULL, NULL, NULL, NULL, NULL, NULL, NULL, NULL);
INSERT INTO lgcGlyphs VALUES('ie.ukran', 20462, NULL, NULL, NULL, NULL, NULL, NULL, NULL, NULL, NULL, NULL);
INSERT INTO lgcGlyphs VALUES('Ie.ukran', 20449, NULL, NULL, NULL, NULL, NULL, NULL, NULL, NULL, NULL, NULL);
INSERT INTO lgcGlyphs VALUES('igrave', 204, NULL, NULL, NULL, NULL, 9647, 8923, NULL, NULL, NULL, 13163);
INSERT INTO lgcGlyphs VALUES('Igrave', 175, NULL, NULL, NULL, NULL, 9618, 8894, NULL, NULL, NULL, 13134);
INSERT INTO lgcGlyphs VALUES('ij', 20328, NULL, NULL, NULL, NULL, 20383, 20972, NULL, NULL, NULL, 21027);
INSERT INTO lgcGlyphs VALUES('IJ', 20324, NULL, NULL, NULL, NULL, 20379, 20968, NULL, NULL, NULL, 21023);
INSERT INTO lgcGlyphs VALUES('imacron', 9362, NULL, NULL, NULL, NULL, 9682, 12878, NULL, NULL, NULL, 13198);
INSERT INTO lgcGlyphs VALUES('Imacron', 9367, NULL, NULL, NULL, NULL, 9687, 12883, NULL, NULL, NULL, 13203);
INSERT INTO lgcGlyphs VALUES('io', 1098, NULL, NULL, NULL, NULL, NULL, NULL, NULL, NULL, NULL, NULL);
INSERT INTO lgcGlyphs VALUES('Io', 1065, NULL, NULL, NULL, NULL, NULL, NULL, NULL, NULL, NULL, NULL);
INSERT INTO lgcGlyphs VALUES('iogonek', 20357, NULL, NULL, NULL, NULL, 20412, 21001, NULL, NULL, NULL, 21056);
INSERT INTO lgcGlyphs VALUES('Iogonek', 20339, NULL, NULL, NULL, NULL, 20394, 20983, NULL, NULL, NULL, 21038);
INSERT INTO lgcGlyphs VALUES('iota', 1043, NULL, NULL, NULL, NULL, NULL, NULL, NULL, NULL, NULL, NULL);
INSERT INTO lgcGlyphs VALUES('Iota', 1019, NULL, NULL, NULL, NULL, NULL, NULL, NULL, NULL, NULL, NULL);
INSERT INTO lgcGlyphs VALUES('iotadieresis', 20440, NULL, NULL, NULL, NULL, NULL, NULL, NULL, NULL, NULL, NULL);
INSERT INTO lgcGlyphs VALUES('Iotadieresis', 20431, NULL, NULL, NULL, NULL, NULL, NULL, NULL, NULL, NULL, NULL);
INSERT INTO lgcGlyphs VALUES('iotadieresistonos', 20441, NULL, NULL, NULL, NULL, NULL, NULL, NULL, NULL, NULL, NULL);
INSERT INTO lgcGlyphs VALUES('iotatonos', 20439, NULL, NULL, NULL, NULL, NULL, NULL, NULL, NULL, NULL, NULL);
INSERT INTO lgcGlyphs VALUES('Iotatonos', 20430, NULL, NULL, NULL, NULL, NULL, NULL, NULL, NULL, NULL, NULL);
INSERT INTO lgcGlyphs VALUES('iring', 9411, NULL, NULL, NULL, NULL, 9731, 12927, NULL, NULL, NULL, 13247);
INSERT INTO lgcGlyphs VALUES('Iring', 9399, NULL, NULL, NULL, NULL, 9719, 12915, NULL, NULL, NULL, 13235);
INSERT INTO lgcGlyphs VALUES('Ismallcap', 15885, NULL, NULL, NULL, NULL, NULL, 16688, NULL, NULL, NULL, NULL);
INSERT INTO lgcGlyphs VALUES('itilde', 9412, NULL, NULL, NULL, NULL, 9732, 12928, NULL, NULL, NULL, 13248);
INSERT INTO lgcGlyphs VALUES('Itilde', 9400, NULL, NULL, NULL, NULL, 9720, 12916, NULL, NULL, NULL, 13236);
INSERT INTO lgcGlyphs VALUES('iu', 1123, NULL, NULL, NULL, NULL, NULL, NULL, NULL, NULL, NULL, NULL);
INSERT INTO lgcGlyphs VALUES('Iu', 1090, NULL, NULL, NULL, NULL, NULL, NULL, NULL, NULL, NULL, NULL);
INSERT INTO lgcGlyphs VALUES('j', 75, 305, NULL, NULL, 825, 9518, 8794, 9024, NULL, NULL, 13034);
INSERT INTO lgcGlyphs VALUES('J', 43, 273, NULL, NULL, 799, 9486, 8762, 8992, NULL, NULL, 13002);
INSERT INTO lgcGlyphs VALUES('jcircumflex', 15792, NULL, NULL, NULL, NULL, 15973, 16595, NULL, NULL, NULL, 16776);
INSERT INTO lgcGlyphs VALUES('Jcircumflex', 15786, NULL, NULL, NULL, NULL, 15967, 16589, NULL, NULL, NULL, 16770);
INSERT INTO lgcGlyphs VALUES('jcrossedtail', 15811, NULL, NULL, NULL, NULL, NULL, 16614, NULL, NULL, NULL, NULL);
INSERT INTO lgcGlyphs VALUES('jdotlessbar', 15809, NULL, NULL, NULL, NULL, NULL, 16612, NULL, NULL, NULL, NULL);
INSERT INTO lgcGlyphs VALUES('je', 20466, NULL, NULL, NULL, NULL, NULL, NULL, NULL, NULL, NULL, NULL);
INSERT INTO lgcGlyphs VALUES('Je', 20453, NULL, NULL, NULL, NULL, NULL, NULL, NULL, NULL, NULL, NULL);
INSERT INTO lgcGlyphs VALUES('jsuper', 15895, NULL, NULL, NULL, NULL, NULL, 16698, NULL, NULL, NULL, NULL);
INSERT INTO lgcGlyphs VALUES('k', 76, 306, NULL, NULL, 826, 9519, 8795, 9025, NULL, NULL, 13035);
INSERT INTO lgcGlyphs VALUES('K', 44, 274, NULL, NULL, 800, 9487, 8763, 8993, NULL, NULL, 13003);
INSERT INTO lgcGlyphs VALUES('ka', 1103, NULL, NULL, NULL, NULL, NULL, NULL, NULL, NULL, NULL, NULL);
INSERT INTO lgcGlyphs VALUES('Ka', 1070, NULL, NULL, NULL, NULL, NULL, NULL, NULL, NULL, NULL, NULL);
INSERT INTO lgcGlyphs VALUES('kappa', 1044, NULL, NULL, NULL, NULL, NULL, NULL, NULL, NULL, NULL, NULL);
INSERT INTO lgcGlyphs VALUES('Kappa', 1020, NULL, NULL, NULL, NULL, NULL, NULL, NULL, NULL, NULL, NULL);
INSERT INTO lgcGlyphs VALUES('kcommaaccent', 20358, NULL, NULL, NULL, NULL, 20413, 21002, NULL, NULL, NULL, 21057);
INSERT INTO lgcGlyphs VALUES('Kcommaaccent', 20340, NULL, NULL, NULL, NULL, 20395, 20984, NULL, NULL, NULL, 21039);
INSERT INTO lgcGlyphs VALUES('kha', 1114, NULL, NULL, NULL, NULL, NULL, NULL, NULL, NULL, NULL, NULL);
INSERT INTO lgcGlyphs VALUES('Kha', 1081, NULL, NULL, NULL, NULL, NULL, NULL, NULL, NULL, NULL, NULL);
INSERT INTO lgcGlyphs VALUES('kje', 20470, NULL, NULL, NULL, NULL, NULL, NULL, NULL, NULL, NULL, NULL);
INSERT INTO lgcGlyphs VALUES('Kje', 20457, NULL, NULL, NULL, NULL, NULL, NULL, NULL, NULL, NULL, NULL);
INSERT INTO lgcGlyphs VALUES('kra', 20329, NULL, NULL, NULL, NULL, 20384, 20973, NULL, NULL, NULL, 21028);
INSERT INTO lgcGlyphs VALUES('l', 77, 307, NULL, NULL, 827, 9520, 8796, 9026, NULL, NULL, 13036);
INSERT INTO lgcGlyphs VALUES('L', 45, 275, NULL, NULL, 801, 9488, 8764, 8994, NULL, NULL, 13004);
INSERT INTO lgcGlyphs VALUES('lacute', 15770, NULL, NULL, NULL, NULL, 15952, 16573, NULL, NULL, NULL, 16755);
INSERT INTO lgcGlyphs VALUES('Lacute', 15757, NULL, NULL, NULL, NULL, 15939, 16560, NULL, NULL, NULL, 16742);
INSERT INTO lgcGlyphs VALUES('lambda', 1045, NULL, NULL, NULL, NULL, NULL, NULL, NULL, NULL, NULL, NULL);
INSERT INTO lgcGlyphs VALUES('Lambda', 1021, NULL, NULL, NULL, NULL, NULL, NULL, NULL, NULL, NULL, NULL);
INSERT INTO lgcGlyphs VALUES('lbelt', 15798, NULL, NULL, NULL, NULL, NULL, 16601, NULL, NULL, NULL, NULL);
INSERT INTO lgcGlyphs VALUES('lcaron', 15747, NULL, NULL, NULL, NULL, 15931, 16550, NULL, NULL, NULL, 16734);
INSERT INTO lgcGlyphs VALUES('Lcaron', 15739, NULL, NULL, NULL, NULL, 15924, 16542, NULL, NULL, NULL, 16727);
INSERT INTO lgcGlyphs VALUES('lcaron.alt', 20359, NULL, NULL, NULL, NULL, 20414, 21003, NULL, NULL, NULL, 21058);
INSERT INTO lgcGlyphs VALUES('Lcaron.alt', 20341, NULL, NULL, NULL, NULL, 20396, 20985, NULL, NULL, NULL, 21040);
INSERT INTO lgcGlyphs VALUES('lcommaaccent', 20360, NULL, NULL, NULL, NULL, 20415, 21004, NULL, NULL, NULL, 21059);
INSERT INTO lgcGlyphs VALUES('Lcommaaccent', 20342, NULL, NULL, NULL, NULL, 20397, 20986, NULL, NULL, NULL, 21041);
INSERT INTO lgcGlyphs VALUES('ldot', 20330, NULL, NULL, NULL, NULL, 20385, 20974, NULL, NULL, NULL, 21029);
INSERT INTO lgcGlyphs VALUES('Ldot', 20325, NULL, NULL, NULL, NULL, 20380, 20969, NULL, NULL, NULL, 21024);
INSERT INTO lgcGlyphs VALUES('length', 9443, NULL, NULL, NULL, NULL, NULL, 12959, NULL, NULL, NULL, NULL);
INSERT INTO lgcGlyphs VALUES('less', 29, 259, NULL, NULL, 699, 9472, 8748, 8978, NULL, NULL, 12988);
INSERT INTO lgcGlyphs VALUES('lessequal', 20369, NULL, NULL, NULL, NULL, 20424, 21013, NULL, NULL, NULL, 21068);
INSERT INTO lgcGlyphs VALUES('lessoverequal', NULL, NULL, NULL, NULL, 701, NULL, NULL, NULL, NULL, NULL, NULL);
INSERT INTO lgcGlyphs VALUES('lezh', 15799, NULL, NULL, NULL, NULL, NULL, 16602, NULL, NULL, NULL, NULL);
INSERT INTO lgcGlyphs VALUES('lje', 20467, NULL, NULL, NULL, NULL, NULL, NULL, NULL, NULL, NULL, NULL);
INSERT INTO lgcGlyphs VALUES('Lje', 20454, NULL, NULL, NULL, NULL, NULL, NULL, NULL, NULL, NULL, NULL);
INSERT INTO lgcGlyphs VALUES('logicalnot', 153, 8718, NULL, NULL, 751, 9596, 8872, 9082, NULL, NULL, 13112);
INSERT INTO lgcGlyphs VALUES('lozenge', 20371, NULL, NULL, NULL, NULL, 20426, 21015, NULL, NULL, NULL, NULL);
INSERT INTO lgcGlyphs VALUES('lrthook', 15808, NULL, NULL, NULL, NULL, NULL, 16611, NULL, NULL, NULL, NULL);
INSERT INTO lgcGlyphs VALUES('lslash', 147, NULL, NULL, NULL, NULL, 9590, 8866, NULL, NULL, NULL, 13106);
INSERT INTO lgcGlyphs VALUES('Lslash', 141, NULL, NULL, NULL, NULL, 9584, 8860, NULL, NULL, NULL, 13100);
INSERT INTO lgcGlyphs VALUES('Lsmallcap', 15893, NULL, NULL, NULL, NULL, NULL, 16696, NULL, NULL, NULL, NULL);
INSERT INTO lgcGlyphs VALUES('lsuper', 15899, NULL, NULL, NULL, NULL, NULL, 16702, NULL, NULL, NULL, NULL);
INSERT INTO lgcGlyphs VALUES('m', 78, 308, NULL, NULL, 828, 9521, 8797, 9027, NULL, NULL, 13037);
INSERT INTO lgcGlyphs VALUES('M', 46, 276, NULL, NULL, 802, 9489, 8765, 8995, NULL, NULL, 13005);
INSERT INTO lgcGlyphs VALUES('macron', 129, NULL, NULL, NULL, NULL, 9572, 8848, NULL, NULL, NULL, 13088);
INSERT INTO lgcGlyphs VALUES('macute', 15730, NULL, NULL, NULL, NULL, 15916, 16533, NULL, NULL, NULL, 16719);
INSERT INTO lgcGlyphs VALUES('Macute', 15729, NULL, NULL, NULL, NULL, 15915, 16532, NULL, NULL, NULL, 16718);
INSERT INTO lgcGlyphs VALUES('mhook', 15795, NULL, NULL, NULL, NULL, NULL, 16598, NULL, NULL, NULL, NULL);
INSERT INTO lgcGlyphs VALUES('micro', 159, NULL, NULL, NULL, NULL, 9602, 8878, NULL, NULL, NULL, 13118);
INSERT INTO lgcGlyphs VALUES('minus', NULL, 514, 9748, 9768, 693, NULL, NULL, 9275, 13264, 13284, NULL);
INSERT INTO lgcGlyphs VALUES('minute', NULL, NULL, NULL, NULL, 708, 9676, NULL, NULL, NULL, NULL, 13192);
INSERT INTO lgcGlyphs VALUES('mturn', 15833, NULL, NULL, NULL, NULL, NULL, 16636, NULL, NULL, NULL, NULL);
INSERT INTO lgcGlyphs VALUES('mturndescend', 15814, NULL, NULL, NULL, NULL, NULL, 16617, NULL, NULL, NULL, NULL);
INSERT INTO lgcGlyphs VALUES('mu', 1046, NULL, NULL, NULL, NULL, NULL, NULL, NULL, NULL, NULL, NULL);
INSERT INTO lgcGlyphs VALUES('Mu', 1022, NULL, NULL, NULL, NULL, NULL, NULL, NULL, NULL, NULL, NULL);
INSERT INTO lgcGlyphs VALUES('multiply', 186, NULL, NULL, NULL, 695, 9629, 8905, NULL, NULL, NULL, 13145);
INSERT INTO lgcGlyphs VALUES('n', 79, 309, NULL, NULL, 829, 9522, 8798, 9028, NULL, NULL, 13038);
INSERT INTO lgcGlyphs VALUES('N', 47, 277, NULL, NULL, 803, 9490, 8766, 8996, NULL, NULL, 13006);
INSERT INTO lgcGlyphs VALUES('nacute', 15776, NULL, NULL, NULL, NULL, 15958, 16579, NULL, NULL, NULL, 16761);
INSERT INTO lgcGlyphs VALUES('Nacute', 15762, NULL, NULL, NULL, NULL, 15944, 16565, NULL, NULL, NULL, 16747);
INSERT INTO lgcGlyphs VALUES('napostrophe', 20331, NULL, NULL, NULL, NULL, 20386, 20975, NULL, NULL, NULL, 21030);
INSERT INTO lgcGlyphs VALUES('ncaron', 15777, NULL, NULL, NULL, NULL, 15959, 16580, NULL, NULL, NULL, 16762);
INSERT INTO lgcGlyphs VALUES('Ncaron', 15763, NULL, NULL, NULL, NULL, 15945, 16566, NULL, NULL, NULL, 16748);
INSERT INTO lgcGlyphs VALUES('ncommaaccent', 20361, NULL, NULL, NULL, NULL, 20416, 21005, NULL, NULL, NULL, 21060);
INSERT INTO lgcGlyphs VALUES('Ncommaaccent', 20343, NULL, NULL, NULL, NULL, 20398, 20987, NULL, NULL, NULL, 21042);
INSERT INTO lgcGlyphs VALUES('ngrave', 15732, NULL, NULL, NULL, NULL, 15918, 16535, NULL, NULL, NULL, 16721);
INSERT INTO lgcGlyphs VALUES('Ngrave', 15731, NULL, NULL, NULL, NULL, 15917, 16534, NULL, NULL, NULL, 16720);
INSERT INTO lgcGlyphs VALUES('nhookleft', 15810, NULL, NULL, NULL, NULL, NULL, 16613, NULL, NULL, NULL, NULL);
INSERT INTO lgcGlyphs VALUES('nine', 26, 256, 9747, 9767, 789, 9469, 8745, 8975, 13263, 13283, 12985);
INSERT INTO lgcGlyphs VALUES('nine.inferior', 9393, NULL, NULL, NULL, NULL, 9713, 12909, NULL, NULL, NULL, 13229);
INSERT INTO lgcGlyphs VALUES('nine.superior', 9383, NULL, NULL, NULL, NULL, 9703, 12899, NULL, NULL, NULL, 13219);
INSERT INTO lgcGlyphs VALUES('nje', 20468, NULL, NULL, NULL, NULL, NULL, NULL, NULL, NULL, NULL, NULL);
INSERT INTO lgcGlyphs VALUES('Nje', 20455, NULL, NULL, NULL, NULL, NULL, NULL, NULL, NULL, NULL, NULL);
INSERT INTO lgcGlyphs VALUES('notequal', NULL, NULL, NULL, NULL, 698, NULL, NULL, NULL, NULL, NULL, NULL);
INSERT INTO lgcGlyphs VALUES('nrthook', 15803, NULL, NULL, NULL, NULL, NULL, 16606, NULL, NULL, NULL, NULL);
INSERT INTO lgcGlyphs VALUES('Nsmallcap', 15886, NULL, NULL, NULL, NULL, NULL, 16689, NULL, NULL, NULL, NULL);
INSERT INTO lgcGlyphs VALUES('ntilde', 209, 607, NULL, NULL, NULL, 9652, 8928, 9057, NULL, NULL, 13168);
INSERT INTO lgcGlyphs VALUES('Ntilde', 180, 606, NULL, NULL, NULL, 9623, 8899, 9056, NULL, NULL, 13139);
INSERT INTO lgcGlyphs VALUES('nu', 1047, NULL, NULL, NULL, NULL, NULL, NULL, NULL, NULL, NULL, NULL);
INSERT INTO lgcGlyphs VALUES('Nu', 1023, NULL, NULL, NULL, NULL, NULL, NULL, NULL, NULL, NULL, NULL);
INSERT INTO lgcGlyphs VALUES('numbersign', 4, 234, NULL, NULL, 716, 9447, 8723, 8953, NULL, NULL, 12963);
INSERT INTO lgcGlyphs VALUES('numero', 20321, NULL, NULL, NULL, NULL, 20376, 20965, NULL, NULL, NULL, 21020);
INSERT INTO lgcGlyphs VALUES('o', 80, 310, NULL, NULL, 830, 9523, 8799, 9029, NULL, NULL, 13039);
INSERT INTO lgcGlyphs VALUES('O', 48, 278, NULL, NULL, 804, 9491, 8767, 8997, NULL, NULL, 13007);
INSERT INTO lgcGlyphs VALUES('o.cyr', 1107, NULL, NULL, NULL, NULL, NULL, NULL, NULL, NULL, NULL, NULL);
INSERT INTO lgcGlyphs VALUES('O.cyr', 1074, NULL, NULL, NULL, NULL, NULL, NULL, NULL, NULL, NULL, NULL);
INSERT INTO lgcGlyphs VALUES('oacute', 211, 610, NULL, NULL, NULL, 9654, 8930, 9060, NULL, NULL, 13170);
INSERT INTO lgcGlyphs VALUES('Oacute', 182, NULL, NULL, NULL, NULL, 9625, 8901, NULL, NULL, NULL, 13141);
INSERT INTO lgcGlyphs VALUES('obar', 9437, NULL, NULL, NULL, NULL, NULL, 12953, NULL, NULL, NULL, NULL);
INSERT INTO lgcGlyphs VALUES('ocaron', 9413, NULL, NULL, NULL, NULL, 9733, 12929, NULL, NULL, NULL, 13249);
INSERT INTO lgcGlyphs VALUES('Ocaron', 9401, NULL, NULL, NULL, NULL, 9721, 12917, NULL, NULL, NULL, 13237);
INSERT INTO lgcGlyphs VALUES('ocircumflex', 212, 625, NULL, NULL, NULL, 9655, 8931, 9075, NULL, NULL, 13171);
INSERT INTO lgcGlyphs VALUES('Ocircumflex', 183, NULL, NULL, NULL, NULL, 9626, 8902, NULL, NULL, NULL, 13142);
INSERT INTO lgcGlyphs VALUES('odieresis', 214, 620, NULL, NULL, NULL, 9657, 8933, 9070, NULL, NULL, 13173);
INSERT INTO lgcGlyphs VALUES('Odieresis', 185, 615, NULL, NULL, NULL, 9628, 8904, 9065, NULL, NULL, 13144);
INSERT INTO lgcGlyphs VALUES('oe', 149, NULL, NULL, NULL, NULL, 9592, 8868, NULL, NULL, NULL, 13108);
INSERT INTO lgcGlyphs VALUES('OE', 143, NULL, NULL, NULL, NULL, 9586, 8862, NULL, NULL, NULL, 13102);
INSERT INTO lgcGlyphs VALUES('OEsmallcap', 15887, NULL, NULL, NULL, NULL, NULL, 16690, NULL, NULL, NULL, NULL);
INSERT INTO lgcGlyphs VALUES('ogonek', 136, NULL, NULL, NULL, NULL, NULL, 8855, NULL, NULL, NULL, NULL);
INSERT INTO lgcGlyphs VALUES('ograve', 210, NULL, NULL, NULL, NULL, 9653, 8929, NULL, NULL, NULL, 13169);
INSERT INTO lgcGlyphs VALUES('Ograve', 181, NULL, NULL, NULL, NULL, 9624, 8900, NULL, NULL, NULL, 13140);
INSERT INTO lgcGlyphs VALUES('ohungarumlaut', 15778, NULL, NULL, NULL, NULL, 15960, 16581, NULL, NULL, NULL, 16763);
INSERT INTO lgcGlyphs VALUES('Ohungarumlaut', 15764, NULL, NULL, NULL, NULL, 15946, 16567, NULL, NULL, NULL, 16749);
INSERT INTO lgcGlyphs VALUES('omacron', 9365, NULL, NULL, NULL, NULL, 9685, 12881, NULL, NULL, NULL, 13201);
INSERT INTO lgcGlyphs VALUES('Omacron', 9370, NULL, NULL, NULL, NULL, 9690, 12886, NULL, NULL, NULL, 13206);
INSERT INTO lgcGlyphs VALUES('omega', 1058, NULL, NULL, NULL, NULL, NULL, NULL, NULL, NULL, NULL, NULL);
INSERT INTO lgcGlyphs VALUES('Omega', 1034, NULL, NULL, NULL, NULL, NULL, NULL, NULL, NULL, NULL, NULL);
INSERT INTO lgcGlyphs VALUES('Omega.math', 9355, NULL, NULL, NULL, NULL, 9675, 12871, NULL, NULL, NULL, 13191);
INSERT INTO lgcGlyphs VALUES('omegatonos', 20446, NULL, NULL, NULL, NULL, NULL, NULL, NULL, NULL, NULL, NULL);
INSERT INTO lgcGlyphs VALUES('Omegatonos', 20435, NULL, NULL, NULL, NULL, NULL, NULL, NULL, NULL, NULL, NULL);
INSERT INTO lgcGlyphs VALUES('omicron', 1049, NULL, NULL, NULL, NULL, NULL, NULL, NULL, NULL, NULL, NULL);
INSERT INTO lgcGlyphs VALUES('Omicron', 1025, NULL, NULL, NULL, NULL, NULL, NULL, NULL, NULL, NULL, NULL);
INSERT INTO lgcGlyphs VALUES('omicrontonos', 20442, NULL, NULL, NULL, NULL, NULL, NULL, NULL, NULL, NULL, NULL);
INSERT INTO lgcGlyphs VALUES('Omicrontonos', 20432, NULL, NULL, NULL, NULL, NULL, NULL, NULL, NULL, NULL, NULL);
INSERT INTO lgcGlyphs VALUES('one', 18, 248, 9739, 9759, 781, 9461, 8737, 8967, 13255, 13275, 12977);
INSERT INTO lgcGlyphs VALUES('one.inferior', 9385, NULL, NULL, NULL, NULL, 9705, 12901, NULL, NULL, NULL, 13221);
INSERT INTO lgcGlyphs VALUES('one.superior', 160, NULL, NULL, NULL, NULL, 9603, 8879, NULL, NULL, NULL, 13119);
INSERT INTO lgcGlyphs VALUES('oneeighth', 9371, NULL, NULL, NULL, NULL, 9691, 12887, NULL, NULL, NULL, 13207);
INSERT INTO lgcGlyphs VALUES('onefifth', 15727, NULL, NULL, NULL, NULL, 15914, 16530, NULL, NULL, NULL, 16717);
INSERT INTO lgcGlyphs VALUES('onehalf', 162, 614, NULL, NULL, NULL, 9605, 8881, 9064, NULL, NULL, 13121);
INSERT INTO lgcGlyphs VALUES('onequarter', 161, NULL, NULL, NULL, NULL, 9604, 8880, NULL, NULL, NULL, 13120);
INSERT INTO lgcGlyphs VALUES('onethird', 9375, NULL, NULL, NULL, NULL, 9695, 12891, NULL, NULL, NULL, 13211);
INSERT INTO lgcGlyphs VALUES('oopen', 9423, NULL, NULL, NULL, NULL, NULL, 12939, NULL, NULL, NULL, NULL);
INSERT INTO lgcGlyphs VALUES('oopenacute', 9424, NULL, NULL, NULL, NULL, NULL, 12940, NULL, NULL, NULL, NULL);
INSERT INTO lgcGlyphs VALUES('oopengrave', 9425, NULL, NULL, NULL, NULL, NULL, 12941, NULL, NULL, NULL, NULL);
INSERT INTO lgcGlyphs VALUES('ordfeminine', 140, NULL, NULL, NULL, NULL, 9583, 8859, NULL, NULL, NULL, 13099);
INSERT INTO lgcGlyphs VALUES('ordmasculine', 144, NULL, NULL, NULL, NULL, 9587, 8863, NULL, NULL, NULL, 13103);
INSERT INTO lgcGlyphs VALUES('oring', 9414, NULL, NULL, NULL, NULL, 9734, 12930, NULL, NULL, NULL, 13250);
INSERT INTO lgcGlyphs VALUES('Oring', 9402, NULL, NULL, NULL, NULL, 9722, 12918, NULL, NULL, NULL, 13238);
INSERT INTO lgcGlyphs VALUES('oslash', 148, NULL, NULL, NULL, NULL, 9591, 8867, NULL, NULL, NULL, 13107);
INSERT INTO lgcGlyphs VALUES('Oslash', 142, NULL, NULL, NULL, NULL, 9585, 8861, NULL, NULL, NULL, 13101);
INSERT INTO lgcGlyphs VALUES('otilde', 213, NULL, NULL, NULL, NULL, 9656, 8932, NULL, NULL, NULL, 13172);
INSERT INTO lgcGlyphs VALUES('Otilde', 184, NULL, NULL, NULL, NULL, 9627, 8903, NULL, NULL, NULL, 13143);
INSERT INTO lgcGlyphs VALUES('overline', 226, 325, NULL, NULL, 649, NULL, 8945, 9044, NULL, NULL, NULL);
INSERT INTO lgcGlyphs VALUES('p', 81, 311, NULL, NULL, 831, 9524, 8800, 9030, NULL, NULL, 13040);
INSERT INTO lgcGlyphs VALUES('P', 49, 279, NULL, NULL, 805, 9492, 8768, 8998, NULL, NULL, 13008);
INSERT INTO lgcGlyphs VALUES('paragraph', 118, NULL, NULL, NULL, 778, 9561, 8837, NULL, NULL, NULL, 13077);
INSERT INTO lgcGlyphs VALUES('parenleft', 9, 239, 9752, 9772, 674, 9452, 8728, 8958, 13268, 13288, 12968);
INSERT INTO lgcGlyphs VALUES('parenright', 10, 240, 9753, 9773, 675, 9453, 8729, 8959, 13269, 13289, 12969);
INSERT INTO lgcGlyphs VALUES('pe', 1108, NULL, NULL, NULL, NULL, NULL, NULL, NULL, NULL, NULL, NULL);
INSERT INTO lgcGlyphs VALUES('Pe', 1075, NULL, NULL, NULL, NULL, NULL, NULL, NULL, NULL, NULL, NULL);
INSERT INTO lgcGlyphs VALUES('percent', 6, 236, NULL, NULL, 715, 9449, 8725, 8955, NULL, NULL, 12965);
INSERT INTO lgcGlyphs VALUES('period', 15, 245, 9754, 9774, 637, 9458, 8734, 8964, 13270, 13290, 12974);
INSERT INTO lgcGlyphs VALUES('periodcentered', 117, NULL, NULL, NULL, NULL, 9560, 8836, NULL, NULL, NULL, 13076);
INSERT INTO lgcGlyphs VALUES('perthousand', 125, NULL, NULL, NULL, 772, 9568, 8844, NULL, NULL, NULL, 13084);
INSERT INTO lgcGlyphs VALUES('phi', 1055, NULL, NULL, NULL, NULL, NULL, NULL, NULL, NULL, NULL, NULL);
INSERT INTO lgcGlyphs VALUES('Phi', 1031, NULL, NULL, NULL, NULL, NULL, NULL, NULL, NULL, NULL, NULL);
INSERT INTO lgcGlyphs VALUES('phi.alt', 12094, NULL, NULL, NULL, NULL, NULL, NULL, NULL, NULL, NULL, NULL);
INSERT INTO lgcGlyphs VALUES('philatin', 15888, NULL, NULL, NULL, NULL, NULL, 16691, NULL, NULL, NULL, NULL);
INSERT INTO lgcGlyphs VALUES('pi', 1050, NULL, NULL, NULL, NULL, NULL, NULL, NULL, NULL, NULL, NULL);
INSERT INTO lgcGlyphs VALUES('Pi', 1026, NULL, NULL, NULL, NULL, NULL, NULL, NULL, NULL, NULL, NULL);
INSERT INTO lgcGlyphs VALUES('plus', 12, 242, NULL, NULL, 692, 9455, 8731, 8961, NULL, NULL, 12971);
INSERT INTO lgcGlyphs VALUES('plusminus', 156, NULL, NULL, NULL, 694, 9599, 8875, NULL, NULL, NULL, 13115);
INSERT INTO lgcGlyphs VALUES('product', 20368, NULL, NULL, NULL, NULL, 20423, 21012, NULL, NULL, NULL, NULL);
INSERT INTO lgcGlyphs VALUES('psi', 1057, NULL, NULL, NULL, NULL, NULL, NULL, NULL, NULL, NULL, NULL);
INSERT INTO lgcGlyphs VALUES('Psi', 1033, NULL, NULL, NULL, NULL, NULL, NULL, NULL, NULL, NULL, NULL);
INSERT INTO lgcGlyphs VALUES('q', 82, 312, NULL, NULL, 832, 9525, 8801, 9031, NULL, NULL, 13041);
INSERT INTO lgcGlyphs VALUES('Q', 50, 280, NULL, NULL, 806, 9493, 8769, 8999, NULL, NULL, 13009);
INSERT INTO lgcGlyphs VALUES('question', 32, 262, NULL, NULL, 641, 9475, 8751, 8981, NULL, NULL, 12991);
INSERT INTO lgcGlyphs VALUES('questiondown', 126, 613, NULL, NULL, NULL, 9569, 8845, 9063, NULL, NULL, 13085);
INSERT INTO lgcGlyphs VALUES('quotedbl', 3, 233, NULL, NULL, 8007, 9446, 8722, 8952, NULL, NULL, 12962);
INSERT INTO lgcGlyphs VALUES('quotedblbase', 121, NULL, NULL, NULL, NULL, 9564, 8840, NULL, NULL, NULL, 13080);
INSERT INTO lgcGlyphs VALUES('quotedblleft', 108, 503, NULL, NULL, 672, 9551, 8827, 9048, NULL, NULL, 13067);
INSERT INTO lgcGlyphs VALUES('quotedblright', 122, NULL, NULL, NULL, 673, 9565, 8841, NULL, NULL, NULL, 13081);
INSERT INTO lgcGlyphs VALUES('quoteleft', NULL, 295, NULL, NULL, 670, NULL, NULL, 9014, NULL, NULL, NULL);
INSERT INTO lgcGlyphs VALUES('quoteright', NULL, NULL, NULL, NULL, 671, NULL, NULL, NULL, NULL, NULL, NULL);
INSERT INTO lgcGlyphs VALUES('quotesinglbase', 120, NULL, NULL, NULL, NULL, 9563, 8839, NULL, NULL, NULL, 13079);
INSERT INTO lgcGlyphs VALUES('quotesingle', 8, 238, NULL, NULL, 8006, 9451, 8727, 8957, NULL, NULL, 12967);
INSERT INTO lgcGlyphs VALUES('r', 83, 313, NULL, NULL, 833, 9526, 8802, 9032, NULL, NULL, 13042);
INSERT INTO lgcGlyphs VALUES('R', 51, 281, NULL, NULL, 807, 9494, 8770, 9000, NULL, NULL, 13010);
INSERT INTO lgcGlyphs VALUES('racute', 15768, NULL, NULL, NULL, NULL, 15950, 16571, NULL, NULL, NULL, 16753);
INSERT INTO lgcGlyphs VALUES('Racute', 15755, NULL, NULL, NULL, NULL, 15937, 16558, NULL, NULL, NULL, 16740);
INSERT INTO lgcGlyphs VALUES('ramshorn', 15835, NULL, NULL, NULL, NULL, NULL, 16638, NULL, NULL, NULL, NULL);
INSERT INTO lgcGlyphs VALUES('rcaron', 15779, NULL, NULL, NULL, NULL, 15961, 16582, NULL, NULL, NULL, 16764);
INSERT INTO lgcGlyphs VALUES('Rcaron', 15765, NULL, NULL, NULL, NULL, 15947, 16568, NULL, NULL, NULL, 16750);
INSERT INTO lgcGlyphs VALUES('rcommaaccent', 20362, NULL, NULL, NULL, NULL, 20417, 21006, NULL, NULL, NULL, 21061);
INSERT INTO lgcGlyphs VALUES('Rcommaaccent', 20344, NULL, NULL, NULL, NULL, 20399, 20988, NULL, NULL, NULL, 21043);
INSERT INTO lgcGlyphs VALUES('registered', 154, NULL, NULL, NULL, NULL, 9597, 8873, NULL, NULL, NULL, 13113);
INSERT INTO lgcGlyphs VALUES('rfishhook', 15797, NULL, NULL, NULL, NULL, NULL, 16600, NULL, NULL, NULL, NULL);
INSERT INTO lgcGlyphs VALUES('rho', 1051, NULL, NULL, NULL, NULL, NULL, NULL, NULL, NULL, NULL, NULL);
INSERT INTO lgcGlyphs VALUES('Rho', 1027, NULL, NULL, NULL, NULL, NULL, NULL, NULL, NULL, NULL, NULL);
INSERT INTO lgcGlyphs VALUES('rhotichook', 15867, NULL, NULL, NULL, NULL, NULL, 16670, NULL, NULL, NULL, NULL);
INSERT INTO lgcGlyphs VALUES('ring', 133, NULL, NULL, NULL, NULL, 9576, 8852, NULL, NULL, NULL, 13092);
INSERT INTO lgcGlyphs VALUES('rrthook', 15804, NULL, NULL, NULL, NULL, NULL, 16607, NULL, NULL, NULL, NULL);
INSERT INTO lgcGlyphs VALUES('Rsmallcap', 15889, NULL, NULL, NULL, NULL, NULL, 16692, NULL, NULL, NULL, NULL);
INSERT INTO lgcGlyphs VALUES('Rsmallcapinv', 15815, NULL, NULL, NULL, NULL, NULL, 16618, NULL, NULL, NULL, NULL);
INSERT INTO lgcGlyphs VALUES('rturn', 15800, NULL, NULL, NULL, NULL, NULL, 16603, NULL, NULL, NULL, NULL);
INSERT INTO lgcGlyphs VALUES('rturnascend', 15843, NULL, NULL, NULL, NULL, NULL, 16646, NULL, NULL, NULL, NULL);
INSERT INTO lgcGlyphs VALUES('rturnrthook', 15807, NULL, NULL, NULL, NULL, NULL, 16610, NULL, NULL, NULL, NULL);
INSERT INTO lgcGlyphs VALUES('s', 84, 314, NULL, NULL, 834, 9527, 8803, 9033, NULL, NULL, 13043);
INSERT INTO lgcGlyphs VALUES('S', 52, 282, NULL, NULL, 808, 9495, 8771, 9001, NULL, NULL, 13011);
INSERT INTO lgcGlyphs VALUES('sacute', 15748, NULL, NULL, NULL, NULL, 15932, 16551, NULL, NULL, NULL, 16735);
INSERT INTO lgcGlyphs VALUES('Sacute', 15740, NULL, NULL, NULL, NULL, 15925, 16543, NULL, NULL, NULL, 16728);
INSERT INTO lgcGlyphs VALUES('scaron', 227, NULL, NULL, NULL, NULL, 9670, 8946, NULL, NULL, NULL, 13186);
INSERT INTO lgcGlyphs VALUES('Scaron', 223, NULL, NULL, NULL, NULL, 9666, 8942, NULL, NULL, NULL, 13182);
INSERT INTO lgcGlyphs VALUES('scedilla', 15750, NULL, NULL, NULL, NULL, 15933, 16553, NULL, NULL, NULL, 16736);
INSERT INTO lgcGlyphs VALUES('Scedilla', 15741, NULL, NULL, NULL, NULL, 15926, 16544, NULL, NULL, NULL, 16729);
INSERT INTO lgcGlyphs VALUES('schwa', 9426, NULL, NULL, NULL, NULL, NULL, 12942, NULL, NULL, NULL, NULL);
INSERT INTO lgcGlyphs VALUES('schwaacute', 9427, NULL, NULL, NULL, NULL, NULL, 12943, NULL, NULL, NULL, NULL);
INSERT INTO lgcGlyphs VALUES('schwagrave', 9428, NULL, NULL, NULL, NULL, NULL, 12944, NULL, NULL, NULL, NULL);
INSERT INTO lgcGlyphs VALUES('schwahook', 9429, NULL, NULL, NULL, NULL, NULL, 12945, NULL, NULL, NULL, NULL);
INSERT INTO lgcGlyphs VALUES('schwahookacute', 9430, NULL, NULL, NULL, NULL, NULL, 12946, NULL, NULL, NULL, NULL);
INSERT INTO lgcGlyphs VALUES('schwahookgrave', 9431, NULL, NULL, NULL, NULL, NULL, 12947, NULL, NULL, NULL, NULL);
INSERT INTO lgcGlyphs VALUES('scircumflex', 15793, NULL, NULL, NULL, NULL, 15974, 16596, NULL, NULL, NULL, 16777);
INSERT INTO lgcGlyphs VALUES('Scircumflex', 15787, NULL, NULL, NULL, NULL, 15968, 16590, NULL, NULL, NULL, 16771);
INSERT INTO lgcGlyphs VALUES('second', NULL, NULL, NULL, NULL, 709, 9677, NULL, NULL, NULL, NULL, 13193);
INSERT INTO lgcGlyphs VALUES('section', 106, NULL, NULL, NULL, 720, 9549, 8825, NULL, NULL, NULL, 13065);
INSERT INTO lgcGlyphs VALUES('semicolon', 28, 258, 9757, 9777, 640, 9471, 8747, 8977, 13273, 13293, 12987);
INSERT INTO lgcGlyphs VALUES('seven', 24, 254, 9745, 9765, 787, 9467, 8743, 8973, 13261, 13281, 12983);
INSERT INTO lgcGlyphs VALUES('seven.inferior', 9391, NULL, NULL, NULL, NULL, 9711, 12907, NULL, NULL, NULL, 13227);
INSERT INTO lgcGlyphs VALUES('seven.superior', 9381, NULL, NULL, NULL, NULL, 9701, 12897, NULL, NULL, NULL, 13217);
INSERT INTO lgcGlyphs VALUES('seveneighths', 9374, NULL, NULL, NULL, NULL, 9694, 12890, NULL, NULL, NULL, 13210);
INSERT INTO lgcGlyphs VALUES('sha', 1117, NULL, NULL, NULL, NULL, NULL, NULL, NULL, NULL, NULL, NULL);
INSERT INTO lgcGlyphs VALUES('Sha', 1084, NULL, NULL, NULL, NULL, NULL, NULL, NULL, NULL, NULL, NULL);
INSERT INTO lgcGlyphs VALUES('shcha', 1118, NULL, NULL, NULL, NULL, NULL, NULL, NULL, NULL, NULL, NULL);
INSERT INTO lgcGlyphs VALUES('Shcha', 1085, NULL, NULL, NULL, NULL, NULL, NULL, NULL, NULL, NULL, NULL);
INSERT INTO lgcGlyphs VALUES('sigma', 1052, NULL, NULL, NULL, NULL, NULL, NULL, NULL, NULL, NULL, NULL);
INSERT INTO lgcGlyphs VALUES('Sigma', 1028, NULL, NULL, NULL, NULL, NULL, NULL, NULL, NULL, NULL, NULL);
INSERT INTO lgcGlyphs VALUES('sigma.end', 16222, NULL, NULL, NULL, NULL, NULL, NULL, NULL, NULL, NULL, NULL);
INSERT INTO lgcGlyphs VALUES('six', 23, 253, 9744, 9764, 786, 9466, 8742, 8972, 13260, 13280, 12982);
INSERT INTO lgcGlyphs VALUES('six.inferior', 9390, NULL, NULL, NULL, NULL, 9710, 12906, NULL, NULL, NULL, 13226);
INSERT INTO lgcGlyphs VALUES('six.superior', 9380, NULL, NULL, NULL, NULL, 9700, 12896, NULL, NULL, NULL, 13216);
INSERT INTO lgcGlyphs VALUES('slash', 16, 246, 9755, 9775, 663, 9459, 8735, 8965, 13271, 13291, 12975);
INSERT INTO lgcGlyphs VALUES('soft', 1121, NULL, NULL, NULL, NULL, NULL, NULL, NULL, NULL, NULL, NULL);
INSERT INTO lgcGlyphs VALUES('Soft', 1088, NULL, NULL, NULL, NULL, NULL, NULL, NULL, NULL, NULL, NULL);
INSERT INTO lgcGlyphs VALUES('softhyphen', 151, NULL, NULL, NULL, NULL, 9594, 8870, NULL, NULL, NULL, 13110);
INSERT INTO lgcGlyphs VALUES('space', 1, 231, NULL, NULL, 633, 9444, 8720, 8950, NULL, NULL, 12960);
INSERT INTO lgcGlyphs VALUES('srthook', 15805, NULL, NULL, NULL, NULL, NULL, 16608, NULL, NULL, NULL, NULL);
INSERT INTO lgcGlyphs VALUES('sterling', 103, 609, NULL, NULL, 714, 9546, 8822, 9059, NULL, NULL, 13062);
INSERT INTO lgcGlyphs VALUES('t', 85, 315, NULL, NULL, 835, 9528, 8804, 9034, NULL, NULL, 13044);
INSERT INTO lgcGlyphs VALUES('T', 53, 283, NULL, NULL, 809, 9496, 8772, 9002, NULL, NULL, 13012);
INSERT INTO lgcGlyphs VALUES('tau', 1053, NULL, NULL, NULL, NULL, NULL, NULL, NULL, NULL, NULL, NULL);
INSERT INTO lgcGlyphs VALUES('Tau', 1029, NULL, NULL, NULL, NULL, NULL, NULL, NULL, NULL, NULL, NULL);
INSERT INTO lgcGlyphs VALUES('tbar', 20332, NULL, NULL, NULL, NULL, 20387, 20976, NULL, NULL, NULL, 21031);
INSERT INTO lgcGlyphs VALUES('Tbar', 20327, NULL, NULL, NULL, NULL, 20382, 20971, NULL, NULL, NULL, 21026);
INSERT INTO lgcGlyphs VALUES('tcaron', 15751, NULL, NULL, NULL, NULL, 15934, 16554, NULL, NULL, NULL, 16737);
INSERT INTO lgcGlyphs VALUES('Tcaron', 15742, NULL, NULL, NULL, NULL, 15927, 16545, NULL, NULL, NULL, 16730);
INSERT INTO lgcGlyphs VALUES('tcedilla', 15781, NULL, NULL, NULL, NULL, 15963, 16584, NULL, NULL, NULL, 16766);
INSERT INTO lgcGlyphs VALUES('Tcedilla', 15767, NULL, NULL, NULL, NULL, 15949, 16570, NULL, NULL, NULL, 16752);
INSERT INTO lgcGlyphs VALUES('te', 1111, NULL, NULL, NULL, NULL, NULL, NULL, NULL, NULL, NULL, NULL);
INSERT INTO lgcGlyphs VALUES('Te', 1078, NULL, NULL, NULL, NULL, NULL, NULL, NULL, NULL, NULL, NULL);
INSERT INTO lgcGlyphs VALUES('theta', 1042, NULL, NULL, NULL, NULL, NULL, NULL, NULL, NULL, NULL, NULL);
INSERT INTO lgcGlyphs VALUES('Theta', 1018, NULL, NULL, NULL, NULL, NULL, NULL, NULL, NULL, NULL, NULL);
INSERT INTO lgcGlyphs VALUES('theta.alt', 12096, NULL, NULL, NULL, NULL, NULL, NULL, NULL, NULL, NULL, NULL);
INSERT INTO lgcGlyphs VALUES('thorn', 221, NULL, NULL, NULL, NULL, 9664, 8940, NULL, NULL, NULL, 13180);
INSERT INTO lgcGlyphs VALUES('Thorn', 192, NULL, NULL, NULL, NULL, 9635, 8911, NULL, NULL, NULL, 13151);
INSERT INTO lgcGlyphs VALUES('three', 20, 250, 9741, 9761, 783, 9463, 8739, 8969, 13257, 13277, 12979);
INSERT INTO lgcGlyphs VALUES('three.inferior', 9387, NULL, NULL, NULL, NULL, 9707, 12903, NULL, NULL, NULL, 13223);
INSERT INTO lgcGlyphs VALUES('three.superior', 158, NULL, NULL, NULL, NULL, 9601, 8877, NULL, NULL, NULL, 13117);
INSERT INTO lgcGlyphs VALUES('threeeighths', 9372, NULL, NULL, NULL, NULL, 9692, 12888, NULL, NULL, NULL, 13208);
INSERT INTO lgcGlyphs VALUES('threequarters', 163, NULL, NULL, NULL, NULL, 9606, 8882, NULL, NULL, NULL, 13122);
INSERT INTO lgcGlyphs VALUES('tilde', 95, NULL, NULL, NULL, NULL, 9538, 8814, NULL, NULL, NULL, 13054);
INSERT INTO lgcGlyphs VALUES('tonos', 20317, NULL, NULL, NULL, NULL, 20372, 20961, NULL, NULL, NULL, 21016);
INSERT INTO lgcGlyphs VALUES('trademark', 228, NULL, NULL, NULL, NULL, 9671, 8947, NULL, NULL, NULL, 13187);
INSERT INTO lgcGlyphs VALUES('triagup', NULL, 629, NULL, NULL, NULL, NULL, NULL, 9353, NULL, NULL, NULL);
INSERT INTO lgcGlyphs VALUES('trthook', 15801, NULL, NULL, NULL, NULL, NULL, 16604, NULL, NULL, NULL, NULL);
INSERT INTO lgcGlyphs VALUES('tse', 1115, NULL, NULL, NULL, NULL, NULL, NULL, NULL, NULL, NULL, NULL);
INSERT INTO lgcGlyphs VALUES('Tse', 1082, NULL, NULL, NULL, NULL, NULL, NULL, NULL, NULL, NULL, NULL);
INSERT INTO lgcGlyphs VALUES('tshe', 20469, NULL, NULL, NULL, NULL, NULL, NULL, NULL, NULL, NULL, NULL);
INSERT INTO lgcGlyphs VALUES('Tshe', 20456, NULL, NULL, NULL, NULL, NULL, NULL, NULL, NULL, NULL, NULL);
INSERT INTO lgcGlyphs VALUES('two', 19, 249, 9740, 9760, 782, 9462, 8738, 8968, 13256, 13276, 12978);
INSERT INTO lgcGlyphs VALUES('two.inferior', 9386, NULL, NULL, NULL, NULL, 9706, 12902, NULL, NULL, NULL, 13222);
INSERT INTO lgcGlyphs VALUES('two.superior', 157, NULL, NULL, NULL, NULL, 9600, 8876, NULL, NULL, NULL, 13116);
INSERT INTO lgcGlyphs VALUES('twothirds', 9376, NULL, NULL, NULL, NULL, 9696, 12892, NULL, NULL, NULL, 13212);
INSERT INTO lgcGlyphs VALUES('u', 86, 316, NULL, NULL, 836, 9529, 8805, 9035, NULL, NULL, 13045);
INSERT INTO lgcGlyphs VALUES('U', 54, 284, NULL, NULL, 810, 9497, 8773, 9003, NULL, NULL, 13013);
INSERT INTO lgcGlyphs VALUES('u.cyr', 1112, NULL, NULL, NULL, NULL, NULL, NULL, NULL, NULL, NULL, NULL);
INSERT INTO lgcGlyphs VALUES('U.cyr', 1079, NULL, NULL, NULL, NULL, NULL, NULL, NULL, NULL, NULL, NULL);
INSERT INTO lgcGlyphs VALUES('u.short', 20471, NULL, NULL, NULL, NULL, NULL, NULL, NULL, NULL, NULL, NULL);
INSERT INTO lgcGlyphs VALUES('U.short', 20458, NULL, NULL, NULL, NULL, NULL, NULL, NULL, NULL, NULL, NULL);
INSERT INTO lgcGlyphs VALUES('uacute', 217, 611, NULL, NULL, NULL, 9660, 8936, 9061, NULL, NULL, 13176);
INSERT INTO lgcGlyphs VALUES('Uacute', 188, NULL, NULL, NULL, NULL, 9631, 8907, NULL, NULL, NULL, 13147);
INSERT INTO lgcGlyphs VALUES('ubar', 15828, NULL, NULL, NULL, NULL, NULL, 16631, NULL, NULL, NULL, NULL);
INSERT INTO lgcGlyphs VALUES('ubreve', 15794, NULL, NULL, NULL, NULL, 15975, 16597, NULL, NULL, NULL, 16778);
INSERT INTO lgcGlyphs VALUES('Ubreve', 15788, NULL, NULL, NULL, NULL, 15969, 16591, NULL, NULL, NULL, 16772);
INSERT INTO lgcGlyphs VALUES('ucaron', 9415, NULL, NULL, NULL, NULL, 9735, 12931, NULL, NULL, NULL, 13251);
INSERT INTO lgcGlyphs VALUES('Ucaron', 9403, NULL, NULL, NULL, NULL, 9723, 12919, NULL, NULL, NULL, 13239);
INSERT INTO lgcGlyphs VALUES('ucircumflex', 218, 626, NULL, NULL, NULL, 9661, 8937, 9076, NULL, NULL, 13177);
INSERT INTO lgcGlyphs VALUES('Ucircumflex', 189, NULL, NULL, NULL, NULL, 9632, 8908, NULL, NULL, NULL, 13148);
INSERT INTO lgcGlyphs VALUES('udieresis', 219, 621, NULL, NULL, NULL, 9662, 8938, 9071, NULL, NULL, 13178);
INSERT INTO lgcGlyphs VALUES('Udieresis', 190, 616, NULL, NULL, NULL, 9633, 8909, 9066, NULL, NULL, 13149);
INSERT INTO lgcGlyphs VALUES('udieresisacute', 15734, NULL, NULL, NULL, NULL, 15920, 16537, NULL, NULL, NULL, 16723);
INSERT INTO lgcGlyphs VALUES('Udieresisacute', 20346, NULL, NULL, NULL, NULL, 20401, 20990, NULL, NULL, NULL, 21045);
INSERT INTO lgcGlyphs VALUES('udieresiscaron', 15735, NULL, NULL, NULL, NULL, 15921, 16538, NULL, NULL, NULL, 16724);
INSERT INTO lgcGlyphs VALUES('Udieresiscaron', 20348, NULL, NULL, NULL, NULL, 20403, 20992, NULL, NULL, NULL, 21047);
INSERT INTO lgcGlyphs VALUES('udieresisgrave', 15736, NULL, NULL, NULL, NULL, 15922, 16539, NULL, NULL, NULL, 16725);
INSERT INTO lgcGlyphs VALUES('Udieresisgrave', 20347, NULL, NULL, NULL, NULL, 20402, 20991, NULL, NULL, NULL, 21046);
INSERT INTO lgcGlyphs VALUES('udieresismacron', 15733, NULL, NULL, NULL, NULL, 15919, 16536, NULL, NULL, NULL, 16722);
INSERT INTO lgcGlyphs VALUES('Udieresismacron', 20349, NULL, NULL, NULL, NULL, 20404, 20993, NULL, NULL, NULL, 21048);
INSERT INTO lgcGlyphs VALUES('ugrave', 216, 600, NULL, NULL, NULL, 9659, 8935, 9050, NULL, NULL, 13175);
INSERT INTO lgcGlyphs VALUES('Ugrave', 187, NULL, NULL, NULL, NULL, 9630, 8906, NULL, NULL, NULL, 13146);
INSERT INTO lgcGlyphs VALUES('uhungarumlaut', 15780, NULL, NULL, NULL, NULL, 15962, 16583, NULL, NULL, NULL, 16765);
INSERT INTO lgcGlyphs VALUES('Uhungarumlaut', 15766, NULL, NULL, NULL, NULL, 15948, 16569, NULL, NULL, NULL, 16751);
INSERT INTO lgcGlyphs VALUES('umacron', 9363, NULL, NULL, NULL, NULL, 9683, 12879, NULL, NULL, NULL, 13199);
INSERT INTO lgcGlyphs VALUES('Umacron', 9368, NULL, NULL, NULL, NULL, 9688, 12884, NULL, NULL, NULL, 13204);
INSERT INTO lgcGlyphs VALUES('underscore', 64, 294, NULL, NULL, 650, 9507, 8783, 9013, NULL, NULL, 13023);
INSERT INTO lgcGlyphs VALUES('uogonek', 20363, NULL, NULL, NULL, NULL, 20418, 21007, NULL, NULL, NULL, 21062);
INSERT INTO lgcGlyphs VALUES('Uogonek', 20345, NULL, NULL, NULL, NULL, 20400, 20989, NULL, NULL, NULL, 21044);
INSERT INTO lgcGlyphs VALUES('upsilon', 1054, NULL, NULL, NULL, NULL, NULL, NULL, NULL, NULL, NULL, NULL);
INSERT INTO lgcGlyphs VALUES('Upsilon', 1030, NULL, NULL, NULL, NULL, NULL, NULL, NULL, NULL, NULL, NULL);
INSERT INTO lgcGlyphs VALUES('upsilondieresis', 20444, NULL, NULL, NULL, NULL, NULL, NULL, NULL, NULL, NULL, NULL);
INSERT INTO lgcGlyphs VALUES('Upsilondieresis', 20434, NULL, NULL, NULL, NULL, NULL, NULL, NULL, NULL, NULL, NULL);
INSERT INTO lgcGlyphs VALUES('upsilondieresistonos', 20445, NULL, NULL, NULL, NULL, NULL, NULL, NULL, NULL, NULL, NULL);
INSERT INTO lgcGlyphs VALUES('upsilonlatin', 15834, NULL, NULL, NULL, NULL, NULL, 16637, NULL, NULL, NULL, NULL);
INSERT INTO lgcGlyphs VALUES('upsilontonos', 20443, NULL, NULL, NULL, NULL, NULL, NULL, NULL, NULL, NULL, NULL);
INSERT INTO lgcGlyphs VALUES('Upsilontonos', 20433, NULL, NULL, NULL, NULL, NULL, NULL, NULL, NULL, NULL, NULL);
INSERT INTO lgcGlyphs VALUES('uring', 9416, NULL, NULL, NULL, NULL, 9736, 12932, NULL, NULL, NULL, 13252);
INSERT INTO lgcGlyphs VALUES('Uring', 9404, NULL, NULL, NULL, NULL, 9724, 12920, NULL, NULL, NULL, 13240);
INSERT INTO lgcGlyphs VALUES('utilde', 9417, NULL, NULL, NULL, NULL, 9737, 12933, NULL, NULL, NULL, 13253);
INSERT INTO lgcGlyphs VALUES('Utilde', 9405, NULL, NULL, NULL, NULL, 9725, 12921, NULL, NULL, NULL, 13241);
INSERT INTO lgcGlyphs VALUES('v', 87, 317, NULL, NULL, 837, 9530, 8806, 9036, NULL, NULL, 13046);
INSERT INTO lgcGlyphs VALUES('V', 55, 285, NULL, NULL, 811, 9498, 8774, 9004, NULL, NULL, 13014);
INSERT INTO lgcGlyphs VALUES('ve', 1094, NULL, NULL, NULL, NULL, NULL, NULL, NULL, NULL, NULL, NULL);
INSERT INTO lgcGlyphs VALUES('Ve', 1061, NULL, NULL, NULL, NULL, NULL, NULL, NULL, NULL, NULL, NULL);
INSERT INTO lgcGlyphs VALUES('verticallinelowmod', 15847, NULL, NULL, NULL, NULL, NULL, 16650, NULL, NULL, NULL, NULL);
INSERT INTO lgcGlyphs VALUES('verticallinemod', 15846, NULL, NULL, NULL, NULL, NULL, 16649, NULL, NULL, NULL, NULL);
INSERT INTO lgcGlyphs VALUES('vhook', 15796, NULL, NULL, NULL, NULL, NULL, 16599, NULL, NULL, NULL, NULL);
INSERT INTO lgcGlyphs VALUES('vturn', 9438, NULL, NULL, NULL, NULL, NULL, 12954, NULL, NULL, NULL, NULL);
INSERT INTO lgcGlyphs VALUES('vturnacute', 9439, NULL, NULL, NULL, NULL, NULL, 12955, NULL, NULL, NULL, NULL);
INSERT INTO lgcGlyphs VALUES('vturngrave', 9440, NULL, NULL, NULL, NULL, NULL, 12956, NULL, NULL, NULL, NULL);
INSERT INTO lgcGlyphs VALUES('w', 88, 318, NULL, NULL, 838, 9531, 8807, 9037, NULL, NULL, 13047);
INSERT INTO lgcGlyphs VALUES('W', 56, 286, NULL, NULL, 812, 9499, 8775, 9005, NULL, NULL, 13015);
INSERT INTO lgcGlyphs VALUES('wcircumflex', 20364, NULL, NULL, NULL, NULL, 20419, 21008, NULL, NULL, NULL, 21063);
INSERT INTO lgcGlyphs VALUES('Wcircumflex', 20350, NULL, NULL, NULL, NULL, 20405, 20994, NULL, NULL, NULL, 21049);
INSERT INTO lgcGlyphs VALUES('wsuper', 15896, NULL, NULL, NULL, NULL, NULL, 16699, NULL, NULL, NULL, NULL);
INSERT INTO lgcGlyphs VALUES('wturn', 15837, NULL, NULL, NULL, NULL, NULL, 16640, NULL, NULL, NULL, NULL);
INSERT INTO lgcGlyphs VALUES('x', 89, 319, NULL, NULL, 839, 9532, 8808, 9038, NULL, NULL, 13048);
INSERT INTO lgcGlyphs VALUES('X', 57, 287, NULL, NULL, 813, 9500, 8776, 9006, NULL, NULL, 13016);
INSERT INTO lgcGlyphs VALUES('xi', 1048, NULL, NULL, NULL, NULL, NULL, NULL, NULL, NULL, NULL, NULL);
INSERT INTO lgcGlyphs VALUES('Xi', 1024, NULL, NULL, NULL, NULL, NULL, NULL, NULL, NULL, NULL, NULL);
INSERT INTO lgcGlyphs VALUES('y', 90, 320, NULL, NULL, 840, 9533, 8809, 9039, NULL, NULL, 13049);
INSERT INTO lgcGlyphs VALUES('Y', 58, 288, NULL, NULL, 814, 9501, 8777, 9007, NULL, NULL, 13017);
INSERT INTO lgcGlyphs VALUES('yacute', 220, NULL, NULL, NULL, NULL, 9663, 8939, NULL, NULL, NULL, 13179);
INSERT INTO lgcGlyphs VALUES('Yacute', 191, NULL, NULL, NULL, NULL, 9634, 8910, NULL, NULL, NULL, 13150);
INSERT INTO lgcGlyphs VALUES('ycircumflex', 20365, NULL, NULL, NULL, NULL, 20420, 21009, NULL, NULL, NULL, 21064);
INSERT INTO lgcGlyphs VALUES('Ycircumflex', 20351, NULL, NULL, NULL, NULL, 20406, 20995, NULL, NULL, NULL, 21050);
INSERT INTO lgcGlyphs VALUES('ydieresis', 222, NULL, NULL, NULL, NULL, 9665, 8941, NULL, NULL, NULL, 13181);
INSERT INTO lgcGlyphs VALUES('Ydieresis', 224, NULL, NULL, NULL, NULL, 9667, 8943, NULL, NULL, NULL, 13183);
INSERT INTO lgcGlyphs VALUES('yen', 61, 291, NULL, NULL, 711, 9504, 8780, 9010, NULL, NULL, 13020);
INSERT INTO lgcGlyphs VALUES('yeri', 1120, NULL, NULL, NULL, NULL, NULL, NULL, NULL, NULL, NULL, NULL);
INSERT INTO lgcGlyphs VALUES('Yeri', 1087, NULL, NULL, NULL, NULL, NULL, NULL, NULL, NULL, NULL, NULL);
INSERT INTO lgcGlyphs VALUES('yi', 20465, NULL, NULL, NULL, NULL, NULL, NULL, NULL, NULL, NULL, NULL);
INSERT INTO lgcGlyphs VALUES('Yi', 20452, NULL, NULL, NULL, NULL, NULL, NULL, NULL, NULL, NULL, NULL);
INSERT INTO lgcGlyphs VALUES('Ysmallcap', 15890, NULL, NULL, NULL, NULL, NULL, 16693, NULL, NULL, NULL, NULL);
INSERT INTO lgcGlyphs VALUES('yturn', 15812, NULL, NULL, NULL, NULL, NULL, 16615, NULL, NULL, NULL, NULL);
INSERT INTO lgcGlyphs VALUES('z', 91, 321, NULL, NULL, 841, 9534, 8810, 9040, NULL, NULL, 13050);
INSERT INTO lgcGlyphs VALUES('Z', 59, 289, NULL, NULL, 815, 9502, 8778, 9008, NULL, NULL, 13018);
INSERT INTO lgcGlyphs VALUES('zacute', 15752, NULL, NULL, NULL, NULL, 15935, 16555, NULL, NULL, NULL, 16738);
INSERT INTO lgcGlyphs VALUES('Zacute', 15743, NULL, NULL, NULL, NULL, 15928, 16546, NULL, NULL, NULL, 16731);
INSERT INTO lgcGlyphs VALUES('zcaron', 229, NULL, NULL, NULL, NULL, 9672, 8948, NULL, NULL, NULL, 13188);
INSERT INTO lgcGlyphs VALUES('Zcaron', 225, NULL, NULL, NULL, NULL, 9668, 8944, NULL, NULL, NULL, 13184);
INSERT INTO lgcGlyphs VALUES('zcurl', 15842, NULL, NULL, NULL, NULL, NULL, 16645, NULL, NULL, NULL, NULL);
INSERT INTO lgcGlyphs VALUES('zdotaccent', 15754, NULL, NULL, NULL, NULL, 15936, 16557, NULL, NULL, NULL, 16739);
INSERT INTO lgcGlyphs VALUES('Zdotaccent', 15744, NULL, NULL, NULL, NULL, 15929, 16547, NULL, NULL, NULL, 16732);
INSERT INTO lgcGlyphs VALUES('ze', 1100, NULL, NULL, NULL, NULL, NULL, NULL, NULL, NULL, NULL, NULL);
INSERT INTO lgcGlyphs VALUES('Ze', 1067, NULL, NULL, NULL, NULL, NULL, NULL, NULL, NULL, NULL, NULL);
INSERT INTO lgcGlyphs VALUES('zero', 17, 247, 9738, 9758, 780, 9460, 8736, 8966, 13254, 13274, 12976);
INSERT INTO lgcGlyphs VALUES('zero.inferior', 9384, NULL, NULL, NULL, NULL, 9704, 12900, NULL, NULL, NULL, 13220);
INSERT INTO lgcGlyphs VALUES('zero.slash', 230, 632, NULL, NULL, 8228, 9673, 8949, 9081, NULL, NULL, 13189);
INSERT INTO lgcGlyphs VALUES('zero.superior', 9377, NULL, NULL, NULL, NULL, 9697, 12893, NULL, NULL, NULL, 13213);
INSERT INTO lgcGlyphs VALUES('zeta', 1040, NULL, NULL, NULL, NULL, NULL, NULL, NULL, NULL, NULL, NULL);
INSERT INTO lgcGlyphs VALUES('Zeta', 1016, NULL, NULL, NULL, NULL, NULL, NULL, NULL, NULL, NULL, NULL);
INSERT INTO lgcGlyphs VALUES('zhe', 1099, NULL, NULL, NULL, NULL, NULL, NULL, NULL, NULL, NULL, NULL);
INSERT INTO lgcGlyphs VALUES('Zhe', 1066, NULL, NULL, NULL, NULL, NULL, NULL, NULL, NULL, NULL, NULL);
INSERT INTO lgcGlyphs VALUES('zrthook', 15806, NULL, NULL, NULL, NULL, NULL, 16609, NULL, NULL, NULL, NULL);
CREATE TABLE hankakuZenkaku (hankaku INTEGER PRIMARY KEY NOT NULL, zenkaku INTEGER UNIQUE NOT NULL);
INSERT INTO hankakuZenkaku VALUES(629, 731);
CREATE TABLE lgcFont (fontTag TEXT PRIMARY KEY NOT NULL, srcPrefix TEXT NOT NULL, srcSuffix TEXT NOT NULL, tSuffix TEXT, rotated TEXT);
INSERT INTO lgcFont VALUES('SRCFONT', '', '.sfdir', '', 'ROTATED');
INSERT INTO lgcFont VALUES('FIXEDFONT', 'Fixed-', '.sfdir', 'f', 'ROTATEDFIXED');
INSERT INTO lgcFont VALUES('THIRDWIDTH', 'Third-', '.sfd', 't', 'ROTATEDQUARTER');
INSERT INTO lgcFont VALUES('QUARTERWIDTH', 'Quarter-', '.sfd', 'q', 'ROTATEDTHIRD');
INSERT INTO lgcFont VALUES('WIDEFONT', 'Wide-', '.sfdir', 'w', NULL);
INSERT INTO lgcFont VALUES('ITALICFONT', '', '-Italic.sfdir', 'i', 'ROTATEDITALIC');
INSERT INTO lgcFont VALUES('ENCLFONT', 'Enclosed-', '.sfdir', 'encl', NULL);
INSERT INTO lgcFont VALUES('ROTATED', 'Rotated-', '.sfd', 'r', NULL);
INSERT INTO lgcFont VALUES('ROTATEDFIXED', 'Rotated-Fixed-', '.sfd', 'rf', NULL);
INSERT INTO lgcFont VALUES('ROTATEDQUARTER', 'Rotated-Third-', '.sfd', 'rq', NULL);
INSERT INTO lgcFont VALUES('ROTATEDTHIRD', 'Rotated-Quarter-', '.sfd', 'rt', NULL);
INSERT INTO lgcFont VALUES('ROTATEDITALIC', 'Rotated-', '-Italic.sfd', 'ri', NULL);
CREATE TABLE subFont (FontID INTEGER PRIMARY KEY NOT NULL, mapFile TEXT NOT NULL, fontName TEXT NOT NULL, fontFile TEXT NOT NULL, procBaseFont TEXT, lgcFontTag TEXT, FOREIGN KEY(lgcFontTag) REFERENCES lgcFont(fontTag));
INSERT INTO subFont VALUES(0,'cidpua.map','Japanese','work.otf', NULL, NULL);
INSERT INTO subFont VALUES(1,'cidpua-blockelem.map','BlockElem','../mincho3/work.otf', NULL, NULL);
INSERT INTO subFont VALUES(2,'cidpua-dingbats.map','Dingbats','../mincho#{$weightNum.to_i > 7 ? 7 : ($weightNum.to_i > 3 ? $weightNum : 3)}/work.otf', NULL, NULL);
INSERT INTO subFont VALUES(3,'cidpua-enclosed.map','Enclosed','enclosed.otf', 'enclosed-base.otf', 'ENCLFONT');
INSERT INTO subFont VALUES(5,'cidpua-rot.map','RotCJK','rotcjk.otf', NULL, NULL);
INSERT INTO subFont VALUES(10,'lgc.map','LGC','lgc.otf', NULL, 'SRCFONT');
INSERT INTO subFont VALUES(11,'lgc-fixed.map','Fixed','fixed.otf', NULL, 'FIXEDFONT');
INSERT INTO subFont VALUES(12,'lgc-third.map','ThirdWidth','third.otf', NULL, 'THIRDWIDTH');
INSERT INTO subFont VALUES(13,'lgc-quarter.map','QuarterWidth','quarter.otf', NULL, 'QUARTERWIDTH');
INSERT INTO subFont VALUES(14,'lgc-wide.map','Fullwidth','wide.otf', NULL, 'WIDEFONT');
INSERT INTO subFont VALUES(20,'lgc-italic.map','Italic','italic.otf', NULL, 'ITALICFONT');
INSERT INTO subFont VALUES(30,'lgc-rotated.map','Rotated','rotated.otf', NULL, 'ROTATED');
INSERT INTO subFont VALUES(31,'lgc-rotfixed.map','RotFixed','rotfixed.otf', NULL, 'ROTATEDFIXED');
INSERT INTO subFont VALUES(32,'lgc-rotquarter.map','RotQuarter','rotquart.otf', NULL, 'ROTATEDQUARTER');
INSERT INTO subFont VALUES(33,'lgc-rotthird.map','RotThird','rotthird.otf', NULL, 'ROTATEDTHIRD');
INSERT INTO subFont VALUES(40,'lgc-rotitalic.map','RotItalic','rotital.otf', NULL, 'ROTATEDITALIC');
CREATE TABLE cjkCID (CID INTEGER NOT NULL, fontID INTEGER NOT NULL, FOREIGN KEY(fontID) REFERENCES subFont(FontID));
-- CJKCID 425 500 1
-- CJKCID 7479 7554 1
-- CJKCID 8230 8258 1
-- CJKCID 8261 8263 1
-- CJKCID 690 691 2
-- CJKCID 722 722 2
-- CJKCID 724 724 2
-- CJKCID 727 727 2
-- CJKCID 729 729 2
-- CJKCID 731 731 2
-- CJKCID 733 733 2
-- CJKCID 740 740 2
-- CJKCID 775 775 2
-- CJKCID 7915 7916 2
-- CJKCID 8056 8056 2
-- CJKCID 8058 8058 2
-- CJKCID 8206 8222 2
-- CJKCID 12099 12100 2
-- CJKCID 12194 12195 2
-- CJKCID 12238 12239 2
-- CJKCID 12259 12259 2
-- CJKCID 16200 16200 2
-- CJKCID 16203 16203 2
-- CJKCID 16234 16234 2
-- CJKCID 16274 16277 2
-- CJKCID 20957 20957 2
-- CJKCID 7555 7574 3
-- CJKCID 7613 7620 3
-- CJKCID 8015 8015 3
-- CJKCID 8071 8091 3
-- CJKCID 8102 8165 3
-- CJKCID 8191 8191 3
-- CJKCID 8196 8205 3
-- CJKCID 8223 8224 3
-- CJKCID 8227 8227 3
-- CJKCID 8286 8294 3
-- CJKCID 8317 8320 3
-- CJKCID 9884 11845 3
-- CJKCID 16328 16328 3
-- CJKCID 20497 20512 3
-- CJKCID 20553 20583 3
-- CJKROT 326 389 9084 5
-- CJKROT 391 421 9148 5
-- CJKROT 422 422 9276 5
-- CJKROT 423 424 9263 5
-- CJKROT 425 500 9277 5
-- CJKROT 515 598 9179 5
-- CJKROT 504 513 9265 5
CREATE VIEW lgcCID AS
SELECT pwid AS CID, 10 AS fontID, glyphName FROM lgcGlyphs WHERE pwid IS NOT NULL
UNION SELECT hwid AS CID, 11 AS fontID, glyphName FROM lgcGlyphs WHERE hwid IS NOT NULL
UNION SELECT twid AS CID, 12 AS fontID, glyphName FROM lgcGlyphs WHERE twid IS NOT NULL
UNION SELECT qwid AS CID, 13 AS fontID, glyphName FROM lgcGlyphs WHERE qwid IS NOT NULL
UNION SELECT fwid AS CID, 14 AS fontID, glyphName FROM lgcGlyphs WHERE fwid IS NOT NULL
UNION SELECT ital AS CID, 20 AS fontID, glyphName FROM lgcGlyphs WHERE ital IS NOT NULL
UNION SELECT rotPwid AS CID, 30 AS fontID, glyphName FROM lgcGlyphs WHERE rotPwid IS NOT NULL
UNION SELECT rotHwid AS CID, 31 AS fontID, glyphName FROM lgcGlyphs WHERE rotHwid IS NOT NULL
UNION SELECT rotQwid AS CID, 32 AS fontID, glyphName FROM lgcGlyphs WHERE rotQwid IS NOT NULL
UNION SELECT rotTwid AS CID, 33 AS fontID, glyphName FROM lgcGlyphs WHERE rotTwid IS NOT NULL
UNION SELECT rotItal AS CID, 40 AS fontID, glyphName FROM lgcGlyphs WHERE rotItal IS NOT NULL
ORDER BY CID;
CREATE VIEW symbolCID AS
SELECT CID, fontID, 'uF'
|| SUBSTR('0123456789ABCDEF', CID / 4096 % 16 + 1, 1)
|| SUBSTR('0123456789ABCDEF', CID / 256  % 16 + 1, 1)
|| SUBSTR('0123456789ABCDEF', CID / 16   % 16 + 1, 1)
|| SUBSTR('0123456789ABCDEF', CID        % 16 + 1, 1)
AS glyphName FROM cjkCID ORDER BY CID;
CREATE VIEW normalCIDs AS SELECT CID FROM targetCIDs EXCEPT SELECT CID FROM symbolCID EXCEPT SELECT CID FROM lgcCID ORDER BY CID;
CREATE VIEW normalCID AS
SELECT CID, 0 AS fontID, 'uF'
|| SUBSTR('0123456789ABCDEF', CID / 4096 % 16 + 1, 1)
|| SUBSTR('0123456789ABCDEF', CID / 256  % 16 + 1, 1)
|| SUBSTR('0123456789ABCDEF', CID / 16   % 16 + 1, 1)
|| SUBSTR('0123456789ABCDEF', CID        % 16 + 1, 1)
AS glyphName FROM normalCIDs ORDER BY CID;
CREATE VIEW cidKeys AS
SELECT CID, fontID, glyphName FROM normalCID
UNION SELECT CID, fontID, glyphName FROM symbolCID
UNION SELECT CID, fontID, glyphName FROM lgcCID
ORDER BY CID;
CREATE TABLE featureCode (featID INTEGER PRIMARY KEY NOT NULL, featTag TEXT NOT NULL);
INSERT INTO featureCode VALUES(10, 'vert');
INSERT INTO featureCode VALUES(11, 'vrt2');
INSERT INTO featureCode VALUES(12, 'vkna');
INSERT INTO featureCode VALUES(20, 'pwid');
INSERT INTO featureCode VALUES(21, 'hwid');
INSERT INTO featureCode VALUES(22, 'qwid');
INSERT INTO featureCode VALUES(23, 'twid');
INSERT INTO featureCode VALUES(24, 'fwid');
INSERT INTO featureCode VALUES(30, 'ital');
INSERT INTO featureCode VALUES(35, 'zero');
INSERT INTO featureCode VALUES(36, 'salt');
INSERT INTO featureCode VALUES(40, 'ccmp');
INSERT INTO featureCode VALUES(50, 'jp83');
INSERT INTO featureCode VALUES(51, 'jp04');
INSERT INTO featureCode VALUES(52, 'jp90');
CREATE TABLE vert (horizontal INTEGER UNIQUE NOT NULL, vertical INTEGER UNIQUE NOT NULL, kana BOOLEAN NOT NULL);
INSERT INTO vert VALUES(634, 7887, 0);
INSERT INTO vert VALUES(635, 7888, 0);
INSERT INTO vert VALUES(649, 7889, 0);
INSERT INTO vert VALUES(650, 7890, 0);
INSERT INTO vert VALUES(660, 7891, 0);
INSERT INTO vert VALUES(661, 7892, 0);
INSERT INTO vert VALUES(662, 7893, 0);
INSERT INTO vert VALUES(663, 7894, 0);
INSERT INTO vert VALUES(666, 7895, 0);
INSERT INTO vert VALUES(667, 7896, 0);
INSERT INTO vert VALUES(668, 7897, 0);
INSERT INTO vert VALUES(669, 7898, 0);
INSERT INTO vert VALUES(674, 7899, 0);
INSERT INTO vert VALUES(675, 7900, 0);
INSERT INTO vert VALUES(676, 7901, 0);
INSERT INTO vert VALUES(677, 7902, 0);
INSERT INTO vert VALUES(678, 7903, 0);
INSERT INTO vert VALUES(679, 7904, 0);
INSERT INTO vert VALUES(680, 7905, 0);
INSERT INTO vert VALUES(681, 7906, 0);
INSERT INTO vert VALUES(682, 7907, 0);
INSERT INTO vert VALUES(683, 7908, 0);
INSERT INTO vert VALUES(684, 7909, 0);
INSERT INTO vert VALUES(685, 7910, 0);
INSERT INTO vert VALUES(686, 7911, 0);
INSERT INTO vert VALUES(687, 7912, 0);
INSERT INTO vert VALUES(688, 7913, 0);
INSERT INTO vert VALUES(689, 7914, 0);
INSERT INTO vert VALUES(690, 7915, 0);
INSERT INTO vert VALUES(691, 7916, 0);
INSERT INTO vert VALUES(842, 7918, 1);
INSERT INTO vert VALUES(844, 7919, 1);
INSERT INTO vert VALUES(846, 7920, 1);
INSERT INTO vert VALUES(848, 7921, 1);
INSERT INTO vert VALUES(850, 7922, 1);
INSERT INTO vert VALUES(876, 7923, 1);
INSERT INTO vert VALUES(908, 7924, 1);
INSERT INTO vert VALUES(910, 7925, 1);
INSERT INTO vert VALUES(912, 7926, 1);
INSERT INTO vert VALUES(919, 7927, 1);
INSERT INTO vert VALUES(925, 7928, 1);
INSERT INTO vert VALUES(927, 7929, 1);
INSERT INTO vert VALUES(929, 7930, 1);
INSERT INTO vert VALUES(931, 7931, 1);
INSERT INTO vert VALUES(933, 7932, 1);
INSERT INTO vert VALUES(959, 7933, 1);
INSERT INTO vert VALUES(991, 7934, 1);
INSERT INTO vert VALUES(993, 7935, 1);
INSERT INTO vert VALUES(995, 7936, 1);
INSERT INTO vert VALUES(1002, 7937, 1);
INSERT INTO vert VALUES(1009, 7938, 1);
INSERT INTO vert VALUES(1010, 7939, 1);
INSERT INTO vert VALUES(7585, 7940, 0);
INSERT INTO vert VALUES(7586, 7941, 0);
INSERT INTO vert VALUES(7588, 7943, 0);
INSERT INTO vert VALUES(7590, 7945, 0);
INSERT INTO vert VALUES(7592, 7947, 0);
INSERT INTO vert VALUES(7593, 7948, 0);
INSERT INTO vert VALUES(7595, 7950, 0);
INSERT INTO vert VALUES(7596, 7951, 0);
INSERT INTO vert VALUES(7598, 7953, 0);
INSERT INTO vert VALUES(7599, 7954, 0);
INSERT INTO vert VALUES(7608, 7956, 0);
INSERT INTO vert VALUES(7609, 7957, 0);
INSERT INTO vert VALUES(7959, 8264, 1);
INSERT INTO vert VALUES(7960, 8265, 1);
INSERT INTO vert VALUES(8039, 8330, 0);
INSERT INTO vert VALUES(8041, 8340, 0);
INSERT INTO vert VALUES(8045, 8347, 0);
INSERT INTO vert VALUES(8046, 8343, 0);
INSERT INTO vert VALUES(8048, 8350, 0);
INSERT INTO vert VALUES(8049, 8358, 0);
INSERT INTO vert VALUES(8050, 8357, 0);
INSERT INTO vert VALUES(8051, 8353, 0);
INSERT INTO vert VALUES(8052, 8356, 0);
INSERT INTO vert VALUES(8054, 8324, 0);
INSERT INTO vert VALUES(8183, 8333, 0);
INSERT INTO vert VALUES(8327, 8334, 0);
INSERT INTO vert VALUES(8328, 8337, 0);
INSERT INTO vert VALUES(11874, 11958, 0);
INSERT INTO vert VALUES(11875, 11959, 0);
INSERT INTO vert VALUES(11876, 11960, 0);
INSERT INTO vert VALUES(11877, 11961, 0);
INSERT INTO vert VALUES(11879, 11963, 0);
INSERT INTO vert VALUES(11881, 11965, 0);
INSERT INTO vert VALUES(11882, 11966, 0);
INSERT INTO vert VALUES(11884, 11968, 0);
INSERT INTO vert VALUES(11886, 11970, 0);
INSERT INTO vert VALUES(11888, 11972, 0);
INSERT INTO vert VALUES(11889, 11973, 0);
INSERT INTO vert VALUES(11890, 11974, 0);
INSERT INTO vert VALUES(11891, 11975, 0);
INSERT INTO vert VALUES(11892, 11976, 0);
INSERT INTO vert VALUES(11893, 11977, 0);
INSERT INTO vert VALUES(11894, 11978, 0);
INSERT INTO vert VALUES(11896, 11980, 0);
INSERT INTO vert VALUES(11898, 11982, 0);
INSERT INTO vert VALUES(11900, 11984, 0);
INSERT INTO vert VALUES(11901, 11985, 0);
INSERT INTO vert VALUES(11902, 11986, 0);
INSERT INTO vert VALUES(11903, 11987, 0);
INSERT INTO vert VALUES(11904, 11988, 0);
INSERT INTO vert VALUES(11905, 11989, 0);
INSERT INTO vert VALUES(11906, 11990, 0);
INSERT INTO vert VALUES(11907, 11991, 0);
INSERT INTO vert VALUES(11909, 11993, 0);
INSERT INTO vert VALUES(11912, 11996, 0);
INSERT INTO vert VALUES(11913, 11997, 0);
INSERT INTO vert VALUES(11915, 11999, 0);
INSERT INTO vert VALUES(11918, 12002, 0);
INSERT INTO vert VALUES(11919, 12003, 0);
INSERT INTO vert VALUES(11920, 12004, 0);
INSERT INTO vert VALUES(11921, 12005, 0);
INSERT INTO vert VALUES(11924, 12008, 0);
INSERT INTO vert VALUES(11925, 12009, 0);
INSERT INTO vert VALUES(11926, 12010, 0);
INSERT INTO vert VALUES(11930, 12014, 0);
INSERT INTO vert VALUES(11932, 12016, 0);
INSERT INTO vert VALUES(11933, 12017, 0);
INSERT INTO vert VALUES(11934, 12018, 0);
INSERT INTO vert VALUES(11935, 12019, 0);
INSERT INTO vert VALUES(11936, 12020, 0);
INSERT INTO vert VALUES(11937, 12021, 0);
INSERT INTO vert VALUES(11938, 12022, 0);
INSERT INTO vert VALUES(11939, 12023, 0);
INSERT INTO vert VALUES(11940, 12024, 0);
INSERT INTO vert VALUES(11941, 12025, 0);
INSERT INTO vert VALUES(11942, 12026, 0);
INSERT INTO vert VALUES(11943, 12027, 0);
INSERT INTO vert VALUES(11944, 12028, 0);
INSERT INTO vert VALUES(11945, 12029, 0);
INSERT INTO vert VALUES(11946, 12030, 0);
INSERT INTO vert VALUES(11947, 12031, 0);
INSERT INTO vert VALUES(11950, 12034, 0);
INSERT INTO vert VALUES(11951, 12035, 0);
INSERT INTO vert VALUES(11954, 12038, 0);
INSERT INTO vert VALUES(11955, 12039, 0);
INSERT INTO vert VALUES(11956, 12040, 0);
INSERT INTO vert VALUES(12106, 12107, 1);
INSERT INTO vert VALUES(12129, 12139, 0);
INSERT INTO vert VALUES(12130, 12140, 0);
INSERT INTO vert VALUES(12131, 12141, 0);
INSERT INTO vert VALUES(12132, 12142, 0);
INSERT INTO vert VALUES(16197, 16329, 0);
INSERT INTO vert VALUES(16198, 16330, 0);
INSERT INTO vert VALUES(16236, 16333, 0);
INSERT INTO vert VALUES(16237, 16334, 0);
INSERT INTO vert VALUES(16238, 16335, 0);
INSERT INTO vert VALUES(16239, 16336, 0);
INSERT INTO vert VALUES(16240, 16337, 0);
INSERT INTO vert VALUES(16241, 16338, 0);
INSERT INTO vert VALUES(16242, 16339, 0);
INSERT INTO vert VALUES(16243, 16340, 0);
INSERT INTO vert VALUES(16244, 16341, 0);
INSERT INTO vert VALUES(16245, 16342, 0);
INSERT INTO vert VALUES(16246, 16343, 0);
INSERT INTO vert VALUES(16247, 16344, 0);
INSERT INTO vert VALUES(16248, 16345, 0);
INSERT INTO vert VALUES(16249, 16346, 0);
INSERT INTO vert VALUES(16250, 16347, 0);
INSERT INTO vert VALUES(16251, 16348, 0);
INSERT INTO vert VALUES(16252, 16349, 0);
CREATE TABLE vrt2 (horizontal INTEGER UNIQUE NOT NULL, vertical INTEGER UNIQUE NOT NULL);
-- CJKROT RECALL
CREATE TABLE jVars (j90 INTEGER PRIMARY KEY, j83 INTEGER, j04 INTEGER);
INSERT INTO jVars VALUES(1133, 13408, NULL);
INSERT INTO jVars VALUES(1142, NULL, 7961);
INSERT INTO jVars VALUES(1151, NULL, 7634);
INSERT INTO jVars VALUES(1170, 13409, NULL);
INSERT INTO jVars VALUES(1186, 13410, NULL);
INSERT INTO jVars VALUES(1191, 13411, NULL);
INSERT INTO jVars VALUES(1202, NULL, 7635);
INSERT INTO jVars VALUES(1205, NULL, 7962);
INSERT INTO jVars VALUES(1207, NULL, 7636);
INSERT INTO jVars VALUES(1216, NULL, 7637);
INSERT INTO jVars VALUES(1228, NULL, 7638);
INSERT INTO jVars VALUES(1243, 13412, 20271);
INSERT INTO jVars VALUES(1247, NULL, 7642);
INSERT INTO jVars VALUES(1252, 13413, 13650);
INSERT INTO jVars VALUES(1268, 13414, NULL);
INSERT INTO jVars VALUES(1286, 13415, NULL);
INSERT INTO jVars VALUES(1290, 13416, NULL);
INSERT INTO jVars VALUES(1302, 13417, NULL);
INSERT INTO jVars VALUES(1319, 13418, NULL);
INSERT INTO jVars VALUES(1320, NULL, 7645);
INSERT INTO jVars VALUES(1376, NULL, 7647);
INSERT INTO jVars VALUES(1383, NULL, 7965);
INSERT INTO jVars VALUES(1386, 13419, NULL);
INSERT INTO jVars VALUES(1389, 13420, NULL);
INSERT INTO jVars VALUES(1398, NULL, 13673);
INSERT INTO jVars VALUES(1402, NULL, 20269);
INSERT INTO jVars VALUES(1408, NULL, 7650);
INSERT INTO jVars VALUES(1424, 13421, NULL);
INSERT INTO jVars VALUES(1426, 13422, NULL);
INSERT INTO jVars VALUES(1427, 13423, NULL);
INSERT INTO jVars VALUES(1450, 13424, NULL);
INSERT INTO jVars VALUES(1481, NULL, 7652);
INSERT INTO jVars VALUES(1489, NULL, 7653);
INSERT INTO jVars VALUES(1494, NULL, 20290);
INSERT INTO jVars VALUES(1526, 13425, NULL);
INSERT INTO jVars VALUES(1545, NULL, 7656);
INSERT INTO jVars VALUES(1551, 13426, NULL);
INSERT INTO jVars VALUES(1564, 13427, NULL);
INSERT INTO jVars VALUES(1569, NULL, 7657);
INSERT INTO jVars VALUES(1572, 13428, NULL);
INSERT INTO jVars VALUES(1596, 13429, NULL);
INSERT INTO jVars VALUES(1605, NULL, 7658);
INSERT INTO jVars VALUES(1610, 13430, NULL);
INSERT INTO jVars VALUES(1626, NULL, 7659);
INSERT INTO jVars VALUES(1660, NULL, 7966);
INSERT INTO jVars VALUES(1662, NULL, 20270);
INSERT INTO jVars VALUES(1665, 13431, NULL);
INSERT INTO jVars VALUES(1666, NULL, 20263);
INSERT INTO jVars VALUES(1698, NULL, 7661);
INSERT INTO jVars VALUES(1722, NULL, 7968);
INSERT INTO jVars VALUES(1735, NULL, 7662);
INSERT INTO jVars VALUES(1737, 13432, NULL);
INSERT INTO jVars VALUES(1772, NULL, 7664);
INSERT INTO jVars VALUES(1779, NULL, 7665);
INSERT INTO jVars VALUES(1781, NULL, 7666);
INSERT INTO jVars VALUES(1791, NULL, 20272);
INSERT INTO jVars VALUES(1805, NULL, 7668);
INSERT INTO jVars VALUES(1850, NULL, 20273);
INSERT INTO jVars VALUES(1852, 13433, NULL);
INSERT INTO jVars VALUES(1856, 13434, NULL);
INSERT INTO jVars VALUES(1863, NULL, 7674);
INSERT INTO jVars VALUES(1864, 13435, NULL);
INSERT INTO jVars VALUES(1872, 13436, NULL);
INSERT INTO jVars VALUES(1876, NULL, 7676);
INSERT INTO jVars VALUES(1892, NULL, 20276);
INSERT INTO jVars VALUES(1909, NULL, 7678);
INSERT INTO jVars VALUES(1934, 13437, NULL);
INSERT INTO jVars VALUES(1949, 13438, NULL);
INSERT INTO jVars VALUES(1958, 13439, NULL);
INSERT INTO jVars VALUES(1964, 13440, NULL);
INSERT INTO jVars VALUES(1981, NULL, 7679);
INSERT INTO jVars VALUES(1995, 13441, NULL);
INSERT INTO jVars VALUES(1997, 13442, NULL);
INSERT INTO jVars VALUES(1998, NULL, 20279);
INSERT INTO jVars VALUES(2007, 13443, NULL);
INSERT INTO jVars VALUES(2012, 13444, NULL);
INSERT INTO jVars VALUES(2015, 13445, NULL);
INSERT INTO jVars VALUES(2026, 13446, NULL);
INSERT INTO jVars VALUES(2033, 13447, NULL);
INSERT INTO jVars VALUES(2043, 13448, NULL);
INSERT INTO jVars VALUES(2054, NULL, 7683);
INSERT INTO jVars VALUES(2059, NULL, 20284);
INSERT INTO jVars VALUES(2085, NULL, 20281);
INSERT INTO jVars VALUES(2129, 13449, NULL);
INSERT INTO jVars VALUES(2135, NULL, 7686);
INSERT INTO jVars VALUES(2165, NULL, 7688);
INSERT INTO jVars VALUES(2168, NULL, 7689);
INSERT INTO jVars VALUES(2170, NULL, 7690);
INSERT INTO jVars VALUES(2171, NULL, 20280);
INSERT INTO jVars VALUES(2191, NULL, 7970);
INSERT INTO jVars VALUES(2198, 13450, NULL);
INSERT INTO jVars VALUES(2201, 13451, NULL);
INSERT INTO jVars VALUES(2206, 13452, NULL);
INSERT INTO jVars VALUES(2305, 13453, NULL);
INSERT INTO jVars VALUES(2309, 13454, NULL);
INSERT INTO jVars VALUES(2313, NULL, 7695);
INSERT INTO jVars VALUES(2314, NULL, 7696);
INSERT INTO jVars VALUES(2345, 13455, NULL);
INSERT INTO jVars VALUES(2366, 13456, NULL);
INSERT INTO jVars VALUES(2368, NULL, 7698);
INSERT INTO jVars VALUES(2378, 13457, NULL);
INSERT INTO jVars VALUES(2400, 13458, NULL);
INSERT INTO jVars VALUES(2402, 13459, NULL);
INSERT INTO jVars VALUES(2407, 13460, 13460);
INSERT INTO jVars VALUES(2428, NULL, 7701);
INSERT INTO jVars VALUES(2429, NULL, 7702);
INSERT INTO jVars VALUES(2445, NULL, 7703);
INSERT INTO jVars VALUES(2470, 13461, NULL);
INSERT INTO jVars VALUES(2497, 13462, NULL);
INSERT INTO jVars VALUES(2508, NULL, 7708);
INSERT INTO jVars VALUES(2510, 13463, NULL);
INSERT INTO jVars VALUES(2523, NULL, 20282);
INSERT INTO jVars VALUES(2533, 13464, NULL);
INSERT INTO jVars VALUES(2536, 13465, NULL);
INSERT INTO jVars VALUES(2540, 13466, NULL);
INSERT INTO jVars VALUES(2544, NULL, 7709);
INSERT INTO jVars VALUES(2572, 13467, NULL);
INSERT INTO jVars VALUES(2588, NULL, 13860);
INSERT INTO jVars VALUES(2598, NULL, 7711);
INSERT INTO jVars VALUES(2609, 13468, NULL);
INSERT INTO jVars VALUES(2622, 13469, NULL);
INSERT INTO jVars VALUES(2630, NULL, 7713);
INSERT INTO jVars VALUES(2689, 13470, NULL);
INSERT INTO jVars VALUES(2709, NULL, 7716);
INSERT INTO jVars VALUES(2717, NULL, 7718);
INSERT INTO jVars VALUES(2718, NULL, 7972);
INSERT INTO jVars VALUES(2720, NULL, 7973);
INSERT INTO jVars VALUES(2721, NULL, 7974);
INSERT INTO jVars VALUES(2727, 13471, NULL);
INSERT INTO jVars VALUES(2729, NULL, 7720);
INSERT INTO jVars VALUES(2747, NULL, 7721);
INSERT INTO jVars VALUES(2766, NULL, 7722);
INSERT INTO jVars VALUES(2799, 13472, NULL);
INSERT INTO jVars VALUES(2801, 13473, NULL);
INSERT INTO jVars VALUES(2814, 13474, NULL);
INSERT INTO jVars VALUES(2839, NULL, 7975);
INSERT INTO jVars VALUES(2845, NULL, 7726);
INSERT INTO jVars VALUES(2876, NULL, 7728);
INSERT INTO jVars VALUES(2909, NULL, 7733);
INSERT INTO jVars VALUES(2919, NULL, 7735);
INSERT INTO jVars VALUES(2924, NULL, 7738);
INSERT INTO jVars VALUES(2933, NULL, 13915);
INSERT INTO jVars VALUES(2944, 13475, NULL);
INSERT INTO jVars VALUES(2959, 13476, NULL);
INSERT INTO jVars VALUES(2990, NULL, 7740);
INSERT INTO jVars VALUES(2995, NULL, 7741);
INSERT INTO jVars VALUES(3001, 13477, NULL);
INSERT INTO jVars VALUES(3012, NULL, 21072);
INSERT INTO jVars VALUES(3019, 13478, NULL);
INSERT INTO jVars VALUES(3020, 13479, NULL);
INSERT INTO jVars VALUES(3027, 13480, NULL);
INSERT INTO jVars VALUES(3033, NULL, 7743);
INSERT INTO jVars VALUES(3044, NULL, 7744);
INSERT INTO jVars VALUES(3046, NULL, 7745);
INSERT INTO jVars VALUES(3081, 13481, NULL);
INSERT INTO jVars VALUES(3082, 13482, NULL);
INSERT INTO jVars VALUES(3086, NULL, 20286);
INSERT INTO jVars VALUES(3094, 13483, NULL);
INSERT INTO jVars VALUES(3100, NULL, 7748);
INSERT INTO jVars VALUES(3105, NULL, 7749);
INSERT INTO jVars VALUES(3112, NULL, 7750);
INSERT INTO jVars VALUES(3136, NULL, 13949);
INSERT INTO jVars VALUES(3138, NULL, 7753);
INSERT INTO jVars VALUES(3141, NULL, 7754);
INSERT INTO jVars VALUES(3148, NULL, 7756);
INSERT INTO jVars VALUES(3175, 13484, NULL);
INSERT INTO jVars VALUES(3200, 13485, NULL);
INSERT INTO jVars VALUES(3244, NULL, 7761);
INSERT INTO jVars VALUES(3251, NULL, 20287);
INSERT INTO jVars VALUES(3262, NULL, 7766);
INSERT INTO jVars VALUES(3263, NULL, 7767);
INSERT INTO jVars VALUES(3266, NULL, 7768);
INSERT INTO jVars VALUES(3295, NULL, 7769);
INSERT INTO jVars VALUES(3327, 13486, NULL);
INSERT INTO jVars VALUES(3337, 13487, NULL);
INSERT INTO jVars VALUES(3341, NULL, 7771);
INSERT INTO jVars VALUES(3344, 13488, NULL);
INSERT INTO jVars VALUES(3357, NULL, 7772);
INSERT INTO jVars VALUES(3359, NULL, 7773);
INSERT INTO jVars VALUES(3379, NULL, 20288);
INSERT INTO jVars VALUES(3384, NULL, 7775);
INSERT INTO jVars VALUES(3412, NULL, 7978);
INSERT INTO jVars VALUES(3421, 13489, NULL);
INSERT INTO jVars VALUES(3430, 13490, NULL);
INSERT INTO jVars VALUES(3432, NULL, 7778);
INSERT INTO jVars VALUES(3445, 13491, NULL);
INSERT INTO jVars VALUES(3446, 13492, NULL);
INSERT INTO jVars VALUES(3449, 13493, NULL);
INSERT INTO jVars VALUES(3456, 13494, NULL);
INSERT INTO jVars VALUES(3460, 13495, NULL);
INSERT INTO jVars VALUES(3465, NULL, 7780);
INSERT INTO jVars VALUES(3477, NULL, 7782);
INSERT INTO jVars VALUES(3489, NULL, 7783);
INSERT INTO jVars VALUES(3495, NULL, 7785);
INSERT INTO jVars VALUES(3505, NULL, 20222);
INSERT INTO jVars VALUES(3506, NULL, 7786);
INSERT INTO jVars VALUES(3520, NULL, 7787);
INSERT INTO jVars VALUES(3521, 13496, NULL);
INSERT INTO jVars VALUES(3538, NULL, 20289);
INSERT INTO jVars VALUES(3541, 13497, NULL);
INSERT INTO jVars VALUES(3562, 13498, NULL);
INSERT INTO jVars VALUES(3580, 13499, NULL);
INSERT INTO jVars VALUES(3582, 13500, NULL);
INSERT INTO jVars VALUES(3584, 13501, NULL);
INSERT INTO jVars VALUES(3588, 13502, NULL);
INSERT INTO jVars VALUES(3590, 13503, NULL);
INSERT INTO jVars VALUES(3591, 13504, NULL);
INSERT INTO jVars VALUES(3603, 13505, 7789);
INSERT INTO jVars VALUES(3613, NULL, 7790);
INSERT INTO jVars VALUES(3614, NULL, 14013);
INSERT INTO jVars VALUES(3619, NULL, 7979);
INSERT INTO jVars VALUES(3624, 13506, NULL);
INSERT INTO jVars VALUES(3626, NULL, 7791);
INSERT INTO jVars VALUES(3628, NULL, 20291);
INSERT INTO jVars VALUES(3657, NULL, 7792);
INSERT INTO jVars VALUES(3659, 13507, NULL);
INSERT INTO jVars VALUES(3671, NULL, 7794);
INSERT INTO jVars VALUES(3725, 13508, NULL);
INSERT INTO jVars VALUES(3742, NULL, 7796);
INSERT INTO jVars VALUES(3743, 13509, NULL);
INSERT INTO jVars VALUES(3750, NULL, 7980);
INSERT INTO jVars VALUES(3770, 13510, NULL);
INSERT INTO jVars VALUES(3813, NULL, 7798);
INSERT INTO jVars VALUES(3819, NULL, 7799);
INSERT INTO jVars VALUES(3822, NULL, 20293);
INSERT INTO jVars VALUES(3832, NULL, 20294);
INSERT INTO jVars VALUES(3833, 13511, NULL);
INSERT INTO jVars VALUES(3846, NULL, 7801);
INSERT INTO jVars VALUES(3848, NULL, 7802);
INSERT INTO jVars VALUES(3868, NULL, 14074);
INSERT INTO jVars VALUES(3917, 13512, NULL);
INSERT INTO jVars VALUES(3939, 13513, NULL);
INSERT INTO jVars VALUES(4001, 13514, NULL);
INSERT INTO jVars VALUES(4003, 13515, NULL);
INSERT INTO jVars VALUES(4023, 13516, NULL);
INSERT INTO jVars VALUES(4034, NULL, 7809);
INSERT INTO jVars VALUES(4035, NULL, 7810);
INSERT INTO jVars VALUES(4036, NULL, 20265);
INSERT INTO jVars VALUES(4038, 13517, NULL);
INSERT INTO jVars VALUES(4055, NULL, 7812);
INSERT INTO jVars VALUES(4062, 13518, NULL);
INSERT INTO jVars VALUES(4087, 13519, NULL);
INSERT INTO jVars VALUES(4181, 13520, NULL);
INSERT INTO jVars VALUES(4225, 13521, NULL);
INSERT INTO jVars VALUES(4228, NULL, 7817);
INSERT INTO jVars VALUES(4242, 13522, NULL);
INSERT INTO jVars VALUES(4301, 13523, NULL);
INSERT INTO jVars VALUES(4308, 13524, NULL);
INSERT INTO jVars VALUES(4331, 13525, NULL);
INSERT INTO jVars VALUES(4332, NULL, 14111);
INSERT INTO jVars VALUES(4368, NULL, 20277);
INSERT INTO jVars VALUES(4411, 13526, NULL);
INSERT INTO jVars VALUES(4433, NULL, 7821);
INSERT INTO jVars VALUES(4452, 13527, NULL);
INSERT INTO jVars VALUES(4454, NULL, 14116);
INSERT INTO jVars VALUES(4468, 13528, NULL);
INSERT INTO jVars VALUES(4516, 13529, NULL);
INSERT INTO jVars VALUES(4572, 13530, NULL);
INSERT INTO jVars VALUES(4583, 13531, NULL);
INSERT INTO jVars VALUES(4588, 13532, NULL);
INSERT INTO jVars VALUES(4695, 13533, NULL);
INSERT INTO jVars VALUES(4700, 13534, NULL);
INSERT INTO jVars VALUES(4711, 13535, NULL);
INSERT INTO jVars VALUES(4713, 13536, NULL);
INSERT INTO jVars VALUES(4772, 13537, NULL);
INSERT INTO jVars VALUES(4796, 13538, NULL);
INSERT INTO jVars VALUES(4858, 13539, NULL);
INSERT INTO jVars VALUES(4882, 13540, NULL);
INSERT INTO jVars VALUES(4928, 13541, NULL);
INSERT INTO jVars VALUES(4943, NULL, 7991);
INSERT INTO jVars VALUES(4949, 13542, NULL);
INSERT INTO jVars VALUES(4963, 13543, NULL);
INSERT INTO jVars VALUES(5015, 13544, NULL);
INSERT INTO jVars VALUES(5018, 13545, NULL);
INSERT INTO jVars VALUES(5020, NULL, 20264);
INSERT INTO jVars VALUES(5048, 13546, NULL);
INSERT INTO jVars VALUES(5070, 13547, NULL);
INSERT INTO jVars VALUES(5109, 13548, NULL);
INSERT INTO jVars VALUES(5155, 13549, NULL);
INSERT INTO jVars VALUES(5178, 13550, NULL);
INSERT INTO jVars VALUES(5240, 13551, NULL);
INSERT INTO jVars VALUES(5248, 13552, NULL);
INSERT INTO jVars VALUES(5267, 13553, NULL);
INSERT INTO jVars VALUES(5294, 13554, NULL);
INSERT INTO jVars VALUES(5306, 13555, NULL);
INSERT INTO jVars VALUES(5376, 13556, NULL);
INSERT INTO jVars VALUES(5377, 13557, NULL);
INSERT INTO jVars VALUES(5459, 13558, NULL);
INSERT INTO jVars VALUES(5489, 13559, NULL);
INSERT INTO jVars VALUES(5493, 13560, NULL);
INSERT INTO jVars VALUES(5500, 13561, NULL);
INSERT INTO jVars VALUES(5595, 13562, NULL);
INSERT INTO jVars VALUES(5629, NULL, 20278);
INSERT INTO jVars VALUES(5659, 13563, NULL);
INSERT INTO jVars VALUES(5667, 13564, NULL);
INSERT INTO jVars VALUES(5671, 13565, NULL);
INSERT INTO jVars VALUES(5688, 13566, NULL);
INSERT INTO jVars VALUES(5701, 13567, NULL);
INSERT INTO jVars VALUES(5704, NULL, 20267);
INSERT INTO jVars VALUES(5707, NULL, 20283);
INSERT INTO jVars VALUES(5741, NULL, 20175);
INSERT INTO jVars VALUES(5782, 13568, NULL);
INSERT INTO jVars VALUES(5855, 13569, NULL);
INSERT INTO jVars VALUES(5870, 13570, NULL);
INSERT INTO jVars VALUES(5903, 13571, NULL);
INSERT INTO jVars VALUES(5913, 13572, NULL);
INSERT INTO jVars VALUES(5933, 13573, NULL);
INSERT INTO jVars VALUES(5937, NULL, 20285);
INSERT INTO jVars VALUES(5976, NULL, 20266);
INSERT INTO jVars VALUES(6001, NULL, 7997);
INSERT INTO jVars VALUES(6059, 13574, NULL);
INSERT INTO jVars VALUES(6075, 13575, NULL);
INSERT INTO jVars VALUES(6104, 13576, NULL);
INSERT INTO jVars VALUES(6123, 13577, NULL);
INSERT INTO jVars VALUES(6187, 13578, NULL);
INSERT INTO jVars VALUES(6196, 13579, NULL);
INSERT INTO jVars VALUES(6217, 13580, NULL);
INSERT INTO jVars VALUES(6218, 13581, NULL);
INSERT INTO jVars VALUES(6221, 13582, NULL);
INSERT INTO jVars VALUES(6223, 13583, NULL);
INSERT INTO jVars VALUES(6224, 13584, NULL);
INSERT INTO jVars VALUES(6255, 13585, NULL);
INSERT INTO jVars VALUES(6258, NULL, 20275);
INSERT INTO jVars VALUES(6265, 13586, NULL);
INSERT INTO jVars VALUES(6276, 13587, NULL);
INSERT INTO jVars VALUES(6284, 13588, NULL);
INSERT INTO jVars VALUES(6310, NULL, 14196);
INSERT INTO jVars VALUES(6325, NULL, 20292);
INSERT INTO jVars VALUES(6388, 13589, NULL);
INSERT INTO jVars VALUES(6443, 13590, NULL);
INSERT INTO jVars VALUES(6464, 13591, NULL);
INSERT INTO jVars VALUES(6481, NULL, 20274);
INSERT INTO jVars VALUES(6510, NULL, 20296);
INSERT INTO jVars VALUES(6523, 13592, NULL);
INSERT INTO jVars VALUES(6537, NULL, 20295);
INSERT INTO jVars VALUES(6569, 13593, NULL);
INSERT INTO jVars VALUES(6582, 13594, NULL);
INSERT INTO jVars VALUES(6601, 13595, NULL);
INSERT INTO jVars VALUES(6607, 13596, NULL);
INSERT INTO jVars VALUES(6618, 13597, NULL);
INSERT INTO jVars VALUES(6621, 13598, NULL);
INSERT INTO jVars VALUES(6631, 13599, NULL);
INSERT INTO jVars VALUES(6632, 13600, NULL);
INSERT INTO jVars VALUES(6662, 13601, 20268);
INSERT INTO jVars VALUES(6773, 13602, NULL);
INSERT INTO jVars VALUES(6776, 13603, NULL);
INSERT INTO jVars VALUES(6779, 13604, NULL);
INSERT INTO jVars VALUES(6837, 13605, NULL);
INSERT INTO jVars VALUES(6841, 13606, NULL);
INSERT INTO jVars VALUES(6913, 13607, NULL);
INSERT INTO jVars VALUES(6914, 13608, NULL);
INSERT INTO jVars VALUES(6944, 13609, NULL);
INSERT INTO jVars VALUES(6946, 13610, NULL);
INSERT INTO jVars VALUES(6947, 13611, NULL);
INSERT INTO jVars VALUES(6949, 13612, NULL);
INSERT INTO jVars VALUES(6951, 13613, NULL);
INSERT INTO jVars VALUES(6952, 13614, NULL);
INSERT INTO jVars VALUES(6956, 13615, NULL);
INSERT INTO jVars VALUES(6958, 13616, NULL);
INSERT INTO jVars VALUES(6959, 13617, NULL);
INSERT INTO jVars VALUES(6961, 13618, NULL);
INSERT INTO jVars VALUES(6962, 13619, NULL);
INSERT INTO jVars VALUES(7053, 13620, NULL);
INSERT INTO jVars VALUES(7104, 13621, NULL);
INSERT INTO jVars VALUES(7138, 13622, NULL);
INSERT INTO jVars VALUES(7146, 13623, NULL);
INSERT INTO jVars VALUES(7152, 13624, NULL);
INSERT INTO jVars VALUES(7180, 13625, NULL);
INSERT INTO jVars VALUES(7194, 13626, NULL);
INSERT INTO jVars VALUES(7200, 13627, NULL);
INSERT INTO jVars VALUES(7248, NULL, 8003);
INSERT INTO jVars VALUES(7251, 13628, NULL);
INSERT INTO jVars VALUES(7304, 13629, NULL);
INSERT INTO jVars VALUES(7307, 13630, NULL);
INSERT INTO jVars VALUES(7321, 13631, NULL);
INSERT INTO jVars VALUES(7329, 13632, NULL);
INSERT INTO jVars VALUES(7332, 13633, NULL);
INSERT INTO jVars VALUES(7362, NULL, 14272);
INSERT INTO jVars VALUES(7379, 13634, NULL);
INSERT INTO jVars VALUES(7402, 13635, NULL);
INSERT INTO jVars VALUES(7451, 13636, NULL);
INSERT INTO jVars VALUES(8612, NULL, 21073);
INSERT INTO jVars VALUES(8625, NULL, 21074);
INSERT INTO jVars VALUES(14541, NULL, 21558);
INSERT INTO jVars VALUES(14762, NULL, 21933);
INSERT INTO jVars VALUES(15319, NULL, 22920);
INSERT INTO jVars VALUES(17469, NULL, 21371);
INSERT INTO jVars VALUES(17755, NULL, 21722);
CREATE TABLE salt (fromCID INTEGER PRIMARY KEY NOT NULL, toCID INTEGER NOT NULL);
INSERT INTO salt VALUES(15739, 20341);
INSERT INTO salt VALUES(15747, 20359);
CREATE TABLE cjkLabel (label TEXT PRIMARY KEY NOT NULL, CID INTEGER NOT NULL);
INSERT INTO cjkLabel VALUES('Unus', 7575);
INSERT INTO cjkLabel VALUES('Duo', 7576);
INSERT INTO cjkLabel VALUES('Tres', 7577);
INSERT INTO cjkLabel VALUES('Quattuor', 7578);
INSERT INTO cjkLabel VALUES('Quinque', 7579);
INSERT INTO cjkLabel VALUES('Sex', 7580);
INSERT INTO cjkLabel VALUES('Septem', 7581);
INSERT INTO cjkLabel VALUES('Octo', 7582);
INSERT INTO cjkLabel VALUES('Novem', 7583);
INSERT INTO cjkLabel VALUES('Decem', 7584);
INSERT INTO cjkLabel VALUES('Undecim', 8225);
INSERT INTO cjkLabel VALUES('Duodecim', 8226);
INSERT INTO cjkLabel VALUES('Tredecim', 8295);
INSERT INTO cjkLabel VALUES('Quattuordecim', 8296);
INSERT INTO cjkLabel VALUES('Quindecim', 8297);
INSERT INTO cjkLabel VALUES('unus', 8092);
INSERT INTO cjkLabel VALUES('duo', 8093);
INSERT INTO cjkLabel VALUES('tres', 8094);
INSERT INTO cjkLabel VALUES('quattuor', 8095);
INSERT INTO cjkLabel VALUES('quinque', 8096);
INSERT INTO cjkLabel VALUES('sex', 8097);
INSERT INTO cjkLabel VALUES('septem', 8098);
INSERT INTO cjkLabel VALUES('octo', 8099);
INSERT INTO cjkLabel VALUES('novem', 8100);
INSERT INTO cjkLabel VALUES('decem', 8101);
INSERT INTO cjkLabel VALUES('undecim', 8298);
INSERT INTO cjkLabel VALUES('duodecim', 8299);
INSERT INTO cjkLabel VALUES('tredecim', 8300);
INSERT INTO cjkLabel VALUES('quattuordecim', 8301);
INSERT INTO cjkLabel VALUES('quindecim', 8302);
INSERT INTO cjkLabel VALUES('', 2509);
INSERT INTO cjkLabel VALUES('', 2980);
INSERT INTO cjkLabel VALUES('', 1340);
INSERT INTO cjkLabel VALUES('', 2088);
INSERT INTO cjkLabel VALUES('', 1224);
INSERT INTO cjkLabel VALUES('', 3831);
INSERT INTO cjkLabel VALUES('', 2232);
INSERT INTO cjkLabel VALUES('', 1575);
INSERT INTO cjkLabel VALUES('', 1193);
INSERT INTO cjkLabel VALUES('', 1696);
INSERT INTO cjkLabel VALUES('', 3786);
INSERT INTO cjkLabel VALUES('', 2347);
INSERT INTO cjkLabel VALUES('', 4049);
INSERT INTO cjkLabel VALUES('', 1462);
INSERT INTO cjkLabel VALUES('', 2119);
INSERT INTO cjkLabel VALUES('', 1914);
INSERT INTO cjkLabel VALUES('', 3863);
INSERT INTO cjkLabel VALUES('', 1490);
INSERT INTO cjkLabel VALUES('', 2302);
INSERT INTO cjkLabel VALUES('', 1538);
INSERT INTO cjkLabel VALUES('', 2263);
INSERT INTO cjkLabel VALUES('', 2239);
INSERT INTO cjkLabel VALUES('', 2130);
INSERT INTO cjkLabel VALUES('', 1209);
INSERT INTO cjkLabel VALUES('', 3455);
INSERT INTO cjkLabel VALUES('', 2887);
INSERT INTO cjkLabel VALUES('', 2454);
INSERT INTO cjkLabel VALUES('', 3855);
INSERT INTO cjkLabel VALUES('', 1991);
INSERT INTO cjkLabel VALUES('', 843);
INSERT INTO cjkLabel VALUES('', 845);
INSERT INTO cjkLabel VALUES('', 847);
INSERT INTO cjkLabel VALUES('', 849);
INSERT INTO cjkLabel VALUES('', 851);
INSERT INTO cjkLabel VALUES('', 852);
INSERT INTO cjkLabel VALUES('', 854);
INSERT INTO cjkLabel VALUES('', 856);
INSERT INTO cjkLabel VALUES('', 858);
INSERT INTO cjkLabel VALUES('', 860);
INSERT INTO cjkLabel VALUES('', 862);
INSERT INTO cjkLabel VALUES('', 864);
INSERT INTO cjkLabel VALUES('', 866);
INSERT INTO cjkLabel VALUES('', 868);
INSERT INTO cjkLabel VALUES('', 870);
INSERT INTO cjkLabel VALUES('', 872);
INSERT INTO cjkLabel VALUES('', 874);
INSERT INTO cjkLabel VALUES('', 877);
INSERT INTO cjkLabel VALUES('', 879);
INSERT INTO cjkLabel VALUES('', 881);
INSERT INTO cjkLabel VALUES('', 883);
INSERT INTO cjkLabel VALUES('', 884);
INSERT INTO cjkLabel VALUES('', 885);
INSERT INTO cjkLabel VALUES('', 886);
INSERT INTO cjkLabel VALUES('', 887);
INSERT INTO cjkLabel VALUES('', 888);
INSERT INTO cjkLabel VALUES('', 891);
INSERT INTO cjkLabel VALUES('', 894);
INSERT INTO cjkLabel VALUES('', 897);
INSERT INTO cjkLabel VALUES('', 900);
INSERT INTO cjkLabel VALUES('', 903);
INSERT INTO cjkLabel VALUES('', 904);
INSERT INTO cjkLabel VALUES('', 905);
INSERT INTO cjkLabel VALUES('', 906);
INSERT INTO cjkLabel VALUES('', 907);
INSERT INTO cjkLabel VALUES('', 909);
INSERT INTO cjkLabel VALUES('', 911);
INSERT INTO cjkLabel VALUES('', 913);
INSERT INTO cjkLabel VALUES('', 914);
INSERT INTO cjkLabel VALUES('', 915);
INSERT INTO cjkLabel VALUES('', 916);
INSERT INTO cjkLabel VALUES('', 917);
INSERT INTO cjkLabel VALUES('', 918);
INSERT INTO cjkLabel VALUES('', 920);
INSERT INTO cjkLabel VALUES('', 921);
INSERT INTO cjkLabel VALUES('', 922);
INSERT INTO cjkLabel VALUES('', 923);
INSERT INTO cjkLabel VALUES('', 924);
INSERT INTO cjkLabel VALUES('', 926);
INSERT INTO cjkLabel VALUES('', 928);
INSERT INTO cjkLabel VALUES('', 930);
INSERT INTO cjkLabel VALUES('', 932);
INSERT INTO cjkLabel VALUES('', 934);
INSERT INTO cjkLabel VALUES('', 935);
INSERT INTO cjkLabel VALUES('', 937);
INSERT INTO cjkLabel VALUES('', 939);
INSERT INTO cjkLabel VALUES('', 941);
INSERT INTO cjkLabel VALUES('', 943);
INSERT INTO cjkLabel VALUES('', 945);
INSERT INTO cjkLabel VALUES('', 947);
INSERT INTO cjkLabel VALUES('', 949);
INSERT INTO cjkLabel VALUES('', 951);
INSERT INTO cjkLabel VALUES('', 953);
INSERT INTO cjkLabel VALUES('', 955);
INSERT INTO cjkLabel VALUES('', 957);
INSERT INTO cjkLabel VALUES('', 960);
INSERT INTO cjkLabel VALUES('', 962);
INSERT INTO cjkLabel VALUES('', 964);
INSERT INTO cjkLabel VALUES('', 966);
INSERT INTO cjkLabel VALUES('', 967);
INSERT INTO cjkLabel VALUES('', 968);
INSERT INTO cjkLabel VALUES('', 969);
INSERT INTO cjkLabel VALUES('', 970);
INSERT INTO cjkLabel VALUES('', 971);
INSERT INTO cjkLabel VALUES('', 974);
INSERT INTO cjkLabel VALUES('', 977);
INSERT INTO cjkLabel VALUES('', 980);
INSERT INTO cjkLabel VALUES('', 983);
INSERT INTO cjkLabel VALUES('', 986);
INSERT INTO cjkLabel VALUES('', 987);
INSERT INTO cjkLabel VALUES('', 988);
INSERT INTO cjkLabel VALUES('', 989);
INSERT INTO cjkLabel VALUES('', 990);
INSERT INTO cjkLabel VALUES('', 992);
INSERT INTO cjkLabel VALUES('', 994);
INSERT INTO cjkLabel VALUES('', 996);
INSERT INTO cjkLabel VALUES('', 997);
INSERT INTO cjkLabel VALUES('', 998);
INSERT INTO cjkLabel VALUES('', 999);
INSERT INTO cjkLabel VALUES('', 1000);
INSERT INTO cjkLabel VALUES('', 1001);
INSERT INTO cjkLabel VALUES('', 1003);
INSERT INTO cjkLabel VALUES('', 1004);
INSERT INTO cjkLabel VALUES('', 1005);
INSERT INTO cjkLabel VALUES('', 1006);
INSERT INTO cjkLabel VALUES('', 1007);
INSERT INTO cjkLabel VALUES('', 1200);
INSERT INTO cjkLabel VALUES('', 3275);
INSERT INTO cjkLabel VALUES('', 2174);
INSERT INTO cjkLabel VALUES('', 2203);
INSERT INTO cjkLabel VALUES('', 1938);
INSERT INTO cjkLabel VALUES('', 4065);
INSERT INTO cjkLabel VALUES('', 2275);
INSERT INTO cjkLabel VALUES('', 3392);
INSERT INTO cjkLabel VALUES('', 1757);
INSERT INTO cjkLabel VALUES('', 2375);
INSERT INTO cjkLabel VALUES('', 3284);
INSERT INTO cjkLabel VALUES('', 1860);
INSERT INTO cjkLabel VALUES('', 1360);
INSERT INTO cjkLabel VALUES('', 2603);
INSERT INTO cjkLabel VALUES('', 3814);
INSERT INTO cjkLabel VALUES('', 1754);
INSERT INTO cjkLabel VALUES('', 3156);
INSERT INTO cjkLabel VALUES('', 1254);
INSERT INTO cjkLabel VALUES('', 2041);
INSERT INTO cjkLabel VALUES('', 3024);
INSERT INTO cjkLabel VALUES('', 2987);
INSERT INTO cjkLabel VALUES('', 3565);
INSERT INTO cjkLabel VALUES('', 1902);
INSERT INTO cjkLabel VALUES('', 3498);
INSERT INTO cjkLabel VALUES('', 1853);
INSERT INTO cjkLabel VALUES('', 1580);
INSERT INTO cjkLabel VALUES('', 1744);
INSERT INTO cjkLabel VALUES('', 2034);
INSERT INTO cjkLabel VALUES('', 1651);
INSERT INTO cjkLabel VALUES('', 2433);
INSERT INTO cjkLabel VALUES('', 2953);
INSERT INTO cjkLabel VALUES('', 2649);
INSERT INTO cjkLabel VALUES('', 2296);
INSERT INTO cjkLabel VALUES('', 2389);
INSERT INTO cjkLabel VALUES('', 2394);
INSERT INTO cjkLabel VALUES('', 3110);
INSERT INTO cjkLabel VALUES('', 3227);
INSERT INTO cjkLabel VALUES('', 2113);
INSERT INTO cjkLabel VALUES('', 2815);
INSERT INTO cjkLabel VALUES('', 3824);
INSERT INTO cjkLabel VALUES('', 3188);
INSERT INTO cjkLabel VALUES('', 4011);
INSERT INTO cjkLabel VALUES('', 3135);
INSERT INTO cjkLabel VALUES('', 3301);
INSERT INTO cjkLabel VALUES('', 3121);
INSERT INTO cjkLabel VALUES('', 2102);
INSERT INTO cjkLabel VALUES('', 2557);
INSERT INTO cjkLabel VALUES('', 1257);
INSERT INTO cjkLabel VALUES('', 2656);
INSERT INTO cjkLabel VALUES('', 2738);
INSERT INTO cjkLabel VALUES('', 1945);
INSERT INTO cjkLabel VALUES('', 2356);
INSERT INTO cjkLabel VALUES('', 3953);
INSERT INTO cjkLabel VALUES('', 1958);
INSERT INTO cjkLabel VALUES('', 1846);
INSERT INTO cjkLabel VALUES('', 2200);
INSERT INTO cjkLabel VALUES('', 1394);
INSERT INTO cjkLabel VALUES('', 1598);
INSERT INTO cjkLabel VALUES('', 2847);
INSERT INTO cjkLabel VALUES('', 3592);
INSERT INTO cjkLabel VALUES('', 2326);
INSERT INTO cjkLabel VALUES('', 2770);
INSERT INTO cjkLabel VALUES('', 963);
INSERT INTO cjkLabel VALUES('', 2952);
INSERT INTO cjkLabel VALUES('', 944);
CREATE VIEW zeroNoSlash AS SELECT * FROM lgcGlyphs WHERE glyphName = 'zero';
CREATE VIEW zeroWithSlash AS SELECT * FROM lgcGlyphs WHERE glyphName = 'zero.slash';
CREATE VIEW zero AS
SELECT zeroNoSlash.pwid AS fromCID, zeroWithSlash.pwid AS toCID FROM zeroNoSlash JOIN zeroWithSlash
UNION SELECT zeroNoSlash.hwid AS fromCID, zeroWithSlash.hwid AS toCID FROM zeroNoSlash JOIN zeroWithSlash
UNION SELECT zeroNoSlash.qwid AS fromCID, zeroWithSlash.qwid AS toCID FROM zeroNoSlash JOIN zeroWithSlash
UNION SELECT zeroNoSlash.twid AS fromCID, zeroWithSlash.twid AS toCID FROM zeroNoSlash JOIN zeroWithSlash
UNION SELECT zeroNoSlash.fwid AS fromCID, zeroWithSlash.fwid AS toCID FROM zeroNoSlash JOIN zeroWithSlash
UNION SELECT zeroNoSlash.ital AS fromCID, zeroWithSlash.ital AS toCID FROM zeroNoSlash JOIN zeroWithSlash
UNION SELECT zeroNoSlash.rotPwid AS fromCID, zeroWithSlash.rotPwid AS toCID FROM zeroNoSlash JOIN zeroWithSlash
UNION SELECT zeroNoSlash.rotHwid AS fromCID, zeroWithSlash.rotHwid AS toCID FROM zeroNoSlash JOIN zeroWithSlash
UNION SELECT zeroNoSlash.rotQwid AS fromCID, zeroWithSlash.rotQwid AS toCID FROM zeroNoSlash JOIN zeroWithSlash
UNION SELECT zeroNoSlash.rotTwid AS fromCID, zeroWithSlash.rotTwid AS toCID FROM zeroNoSlash JOIN zeroWithSlash
UNION SELECT zeroNoSlash.rotItal AS fromCID, zeroWithSlash.rotItal AS toCID FROM zeroNoSlash JOIN zeroWithSlash;
CREATE VIEW oneToOneFeat AS
SELECT 10 AS feat, horizontal AS fromCID, vertical AS toCID FROM vert
UNION SELECT 11 AS feat, horizontal AS fromCID, vertical AS toCID FROM vert
UNION SELECT 12 AS feat, horizontal AS fromCID, vertical AS toCID FROM vert WHERE kana
UNION SELECT 11 AS feat, horizontal AS fromCID, vertical AS toCID FROM vrt2
UNION SELECT 11 AS feat, pwid AS fromCID, rotPwid AS toCID FROM lgcGlyphs WHERE pwid IS NOT NULL AND rotPwid IS NOT NULL
UNION SELECT 11 AS feat, hwid AS fromCID, rotHwid AS toCID FROM lgcGlyphs WHERE hwid IS NOT NULL AND rotHwid IS NOT NULL
UNION SELECT 11 AS feat, qwid AS fromCID, rotQwid AS toCID FROM lgcGlyphs WHERE qwid IS NOT NULL AND rotQwid IS NOT NULL
UNION SELECT 11 AS feat, twid AS fromCID, rotTwid AS toCID FROM lgcGlyphs WHERE twid IS NOT NULL AND rotTwid IS NOT NULL
UNION SELECT 11 AS feat, ital AS fromCID, rotItal AS toCID FROM lgcGlyphs WHERE ital IS NOT NULL AND rotItal IS NOT NULL
UNION SELECT 20 AS feat, hwid AS fromCID, pwid AS toCID FROM lgcGlyphs WHERE hwid IS NOT NULL AND pwid IS NOT NULL
UNION SELECT 20 AS feat, qwid AS fromCID, pwid AS toCID FROM lgcGlyphs WHERE qwid IS NOT NULL AND pwid IS NOT NULL
UNION SELECT 20 AS feat, twid AS fromCID, pwid AS toCID FROM lgcGlyphs WHERE twid IS NOT NULL AND pwid IS NOT NULL
UNION SELECT 20 AS feat, fwid AS fromCID, pwid AS toCID FROM lgcGlyphs WHERE fwid IS NOT NULL AND pwid IS NOT NULL
UNION SELECT 21 AS feat, pwid AS fromCID, hwid AS toCID FROM lgcGlyphs WHERE pwid IS NOT NULL AND hwid IS NOT NULL
UNION SELECT 21 AS feat, qwid AS fromCID, hwid AS toCID FROM lgcGlyphs WHERE qwid IS NOT NULL AND hwid IS NOT NULL
UNION SELECT 21 AS feat, twid AS fromCID, hwid AS toCID FROM lgcGlyphs WHERE twid IS NOT NULL AND hwid IS NOT NULL
UNION SELECT 21 AS feat, fwid AS fromCID, hwid AS toCID FROM lgcGlyphs WHERE fwid IS NOT NULL AND hwid IS NOT NULL
UNION SELECT 22 AS feat, pwid AS fromCID, qwid AS toCID FROM lgcGlyphs WHERE pwid IS NOT NULL AND qwid IS NOT NULL
UNION SELECT 22 AS feat, hwid AS fromCID, qwid AS toCID FROM lgcGlyphs WHERE hwid IS NOT NULL AND qwid IS NOT NULL
UNION SELECT 22 AS feat, twid AS fromCID, qwid AS toCID FROM lgcGlyphs WHERE twid IS NOT NULL AND qwid IS NOT NULL
UNION SELECT 22 AS feat, fwid AS fromCID, qwid AS toCID FROM lgcGlyphs WHERE fwid IS NOT NULL AND qwid IS NOT NULL
UNION SELECT 23 AS feat, pwid AS fromCID, twid AS toCID FROM lgcGlyphs WHERE pwid IS NOT NULL AND twid IS NOT NULL
UNION SELECT 23 AS feat, hwid AS fromCID, twid AS toCID FROM lgcGlyphs WHERE hwid IS NOT NULL AND twid IS NOT NULL
UNION SELECT 23 AS feat, qwid AS fromCID, twid AS toCID FROM lgcGlyphs WHERE qwid IS NOT NULL AND twid IS NOT NULL
UNION SELECT 23 AS feat, fwid AS fromCID, twid AS toCID FROM lgcGlyphs WHERE fwid IS NOT NULL AND twid IS NOT NULL
UNION SELECT 24 AS feat, pwid AS fromCID, fwid AS toCID FROM lgcGlyphs WHERE pwid IS NOT NULL AND fwid IS NOT NULL
UNION SELECT 24 AS feat, hwid AS fromCID, fwid AS toCID FROM lgcGlyphs WHERE hwid IS NOT NULL AND fwid IS NOT NULL
UNION SELECT 24 AS feat, qwid AS fromCID, fwid AS toCID FROM lgcGlyphs WHERE qwid IS NOT NULL AND fwid IS NOT NULL
UNION SELECT 24 AS feat, twid AS fromCID, fwid AS toCID FROM lgcGlyphs WHERE twid IS NOT NULL AND fwid IS NOT NULL
UNION SELECT 30 AS feat, pwid AS fromCID, ital AS toCID FROM lgcGlyphs WHERE pwid IS NOT NULL AND ital IS NOT NULL
UNION SELECT 20 AS feat, rotHwid AS fromCID, rotPwid AS toCID FROM lgcGlyphs WHERE rotHwid IS NOT NULL AND rotPwid IS NOT NULL
UNION SELECT 20 AS feat, rotQwid AS fromCID, rotPwid AS toCID FROM lgcGlyphs WHERE rotQwid IS NOT NULL AND rotPwid IS NOT NULL
UNION SELECT 20 AS feat, rotTwid AS fromCID, rotPwid AS toCID FROM lgcGlyphs WHERE rotTwid IS NOT NULL AND rotPwid IS NOT NULL
UNION SELECT 21 AS feat, rotPwid AS fromCID, rotHwid AS toCID FROM lgcGlyphs WHERE rotPwid IS NOT NULL AND rotHwid IS NOT NULL
UNION SELECT 21 AS feat, rotQwid AS fromCID, rotHwid AS toCID FROM lgcGlyphs WHERE rotQwid IS NOT NULL AND rotHwid IS NOT NULL
UNION SELECT 21 AS feat, rotTwid AS fromCID, rotHwid AS toCID FROM lgcGlyphs WHERE rotTwid IS NOT NULL AND rotHwid IS NOT NULL
UNION SELECT 22 AS feat, rotPwid AS fromCID, rotQwid AS toCID FROM lgcGlyphs WHERE rotPwid IS NOT NULL AND rotQwid IS NOT NULL
UNION SELECT 22 AS feat, rotHwid AS fromCID, rotQwid AS toCID FROM lgcGlyphs WHERE rotHwid IS NOT NULL AND rotQwid IS NOT NULL
UNION SELECT 22 AS feat, rotTwid AS fromCID, rotQwid AS toCID FROM lgcGlyphs WHERE rotTwid IS NOT NULL AND rotQwid IS NOT NULL
UNION SELECT 23 AS feat, rotPwid AS fromCID, rotTwid AS toCID FROM lgcGlyphs WHERE rotPwid IS NOT NULL AND rotTwid IS NOT NULL
UNION SELECT 23 AS feat, rotHwid AS fromCID, rotTwid AS toCID FROM lgcGlyphs WHERE rotHwid IS NOT NULL AND rotTwid IS NOT NULL
UNION SELECT 23 AS feat, rotQwid AS fromCID, rotTwid AS toCID FROM lgcGlyphs WHERE rotQwid IS NOT NULL AND rotTwid IS NOT NULL
UNION SELECT 30 AS feat, rotPwid AS fromCID, rotItal AS toCID FROM lgcGlyphs WHERE rotPwid IS NOT NULL AND rotItal IS NOT NULL
UNION SELECT 21 AS feat, zenkaku AS fromCID, hankaku AS toCID FROM hankakuZenkaku WHERE zenkaku IS NOT NULL AND hankaku IS NOT NULL
UNION SELECT 24 AS feat, hankaku AS fromCID, zenkaku AS toCID FROM hankakuZenkaku WHERE hankaku IS NOT NULL AND zenkaku IS NOT NULL
UNION SELECT 35 AS feat, fromCID, toCID FROM zero WHERE fromCID IS NOT NULL AND toCID IS NOT NULL
UNION SELECT 36 AS feat, fromCID, toCID FROM salt WHERE fromCID IS NOT NULL AND toCID IS NOT NULL
UNION SELECT 50 AS feat, j90 AS fromCID, j83 AS toCID FROM jVars WHERE j90 IS NOT NULL AND j83 IS NOT NULL
UNION SELECT 50 AS feat, j04 AS fromCID, j83 AS toCID FROM jVars WHERE j04 IS NOT NULL AND j83 IS NOT NULL
UNION SELECT 51 AS feat, j90 AS fromCID, j04 AS toCID FROM jVars WHERE j90 IS NOT NULL AND j04 IS NOT NULL
UNION SELECT 51 AS feat, j83 AS fromCID, j04 AS toCID FROM jVars WHERE j83 IS NOT NULL AND j04 IS NOT NULL
UNION SELECT 52 AS feat, j83 AS fromCID, j90 AS toCID FROM jVars WHERE j83 IS NOT NULL AND j90 IS NOT NULL
UNION SELECT 52 AS feat, j04 AS fromCID, j90 AS toCID FROM jVars WHERE j04 IS NOT NULL AND j90 IS NOT NULL
ORDER BY feat, fromCID;
CREATE TABLE compositeCID (ligature INTEGER PRIMARY KEY NOT NULL, part1 INTEGER NOT NULL, part2 INTEGER NOT NULL, part3 INTEGER, part4 INTEGER CHECK(part3 IS NOT NULL OR part4 IS NULL));
INSERT INTO compositeCID VALUES(15856, 15855, 15851, NULL, NULL);
INSERT INTO compositeCID VALUES(15857, 15851, 15855, NULL, NULL);
INSERT INTO compositeCID VALUES(16209, 852, 16327, NULL, NULL);
INSERT INTO compositeCID VALUES(16210, 854, 16327, NULL, NULL);
INSERT INTO compositeCID VALUES(16211, 856, 16327, NULL, NULL);
INSERT INTO compositeCID VALUES(16212, 858, 16327, NULL, NULL);
INSERT INTO compositeCID VALUES(16213, 860, 16327, NULL, NULL);
INSERT INTO compositeCID VALUES(16214, 935, 16327, NULL, NULL);
INSERT INTO compositeCID VALUES(16215, 937, 16327, NULL, NULL);
INSERT INTO compositeCID VALUES(16216, 939, 16327, NULL, NULL);
INSERT INTO compositeCID VALUES(16217, 941, 16327, NULL, NULL);
INSERT INTO compositeCID VALUES(16218, 943, 16327, NULL, NULL);
INSERT INTO compositeCID VALUES(16219, 951, 16327, NULL, NULL);
INSERT INTO compositeCID VALUES(16220, 960, 16327, NULL, NULL);
INSERT INTO compositeCID VALUES(16221, 964, 16327, NULL, NULL);
INSERT INTO compositeCID VALUES(16246, 16243, 16327, NULL, NULL);
CREATE TABLE lig2 (glyphName TEXT PRIMARY KEY NOT NULL, src1 TEXT NOT NULL, src2 TEXT NOT NULL);
INSERT INTO lig2 VALUES('zerozero', 'zero', 'zero');
INSERT INTO lig2 VALUES('zeroone', 'zero', 'one');
INSERT INTO lig2 VALUES('zerotwo', 'zero', 'two');
INSERT INTO lig2 VALUES('zerothree', 'zero', 'three');
INSERT INTO lig2 VALUES('zerofour', 'zero', 'four');
INSERT INTO lig2 VALUES('zerofive', 'zero', 'five');
INSERT INTO lig2 VALUES('zerosix', 'zero', 'six');
INSERT INTO lig2 VALUES('zeroseven', 'zero', 'seven');
INSERT INTO lig2 VALUES('zeroeight', 'zero', 'eight');
INSERT INTO lig2 VALUES('zeronine', 'zero', 'nine');
INSERT INTO lig2 VALUES('ten', 'one', 'zero');
INSERT INTO lig2 VALUES('eleven', 'one', 'one');
INSERT INTO lig2 VALUES('twelve', 'one', 'two');
INSERT INTO lig2 VALUES('thirteen', 'one', 'three');
INSERT INTO lig2 VALUES('fourteen', 'one', 'four');
INSERT INTO lig2 VALUES('fifteen', 'one', 'five');
INSERT INTO lig2 VALUES('sixteen', 'one', 'six');
INSERT INTO lig2 VALUES('seventeen', 'one', 'seven');
INSERT INTO lig2 VALUES('eighteen', 'one', 'eight');
INSERT INTO lig2 VALUES('nineteen', 'one', 'nine');
INSERT INTO lig2 VALUES('twenty', 'two', 'zero');
INSERT INTO lig2 VALUES('twentyone', 'two', 'one');
INSERT INTO lig2 VALUES('twentytwo', 'two', 'two');
INSERT INTO lig2 VALUES('twentythree', 'two', 'three');
INSERT INTO lig2 VALUES('twentyfour', 'two', 'four');
INSERT INTO lig2 VALUES('twentyfive', 'two', 'five');
INSERT INTO lig2 VALUES('twentysix', 'two', 'six');
INSERT INTO lig2 VALUES('twentyseven', 'two', 'seven');
INSERT INTO lig2 VALUES('twentyeight', 'two', 'eight');
INSERT INTO lig2 VALUES('twentynine', 'two', 'nine');
INSERT INTO lig2 VALUES('thirty', 'three', 'zero');
INSERT INTO lig2 VALUES('thirtyone', 'three', 'one');
INSERT INTO lig2 VALUES('thirtytwo', 'three', 'two');
INSERT INTO lig2 VALUES('thirtythree', 'three', 'three');
INSERT INTO lig2 VALUES('thirtyfour', 'three', 'four');
INSERT INTO lig2 VALUES('thirtyfive', 'three', 'five');
INSERT INTO lig2 VALUES('thirtysix', 'three', 'six');
INSERT INTO lig2 VALUES('thirtyseven', 'three', 'seven');
INSERT INTO lig2 VALUES('thirtyeight', 'three', 'eight');
INSERT INTO lig2 VALUES('thirtynine', 'three', 'nine');
INSERT INTO lig2 VALUES('forty', 'four', 'zero');
INSERT INTO lig2 VALUES('fortyone', 'four', 'one');
INSERT INTO lig2 VALUES('fortytwo', 'four', 'two');
INSERT INTO lig2 VALUES('fortythree', 'four', 'three');
INSERT INTO lig2 VALUES('fortyfour', 'four', 'four');
INSERT INTO lig2 VALUES('fortyfive', 'four', 'five');
INSERT INTO lig2 VALUES('fortysix', 'four', 'six');
INSERT INTO lig2 VALUES('fortyseven', 'four', 'seven');
INSERT INTO lig2 VALUES('fortyeight', 'four', 'eight');
INSERT INTO lig2 VALUES('fortynine', 'four', 'nine');
INSERT INTO lig2 VALUES('fifty', 'five', 'zero');
INSERT INTO lig2 VALUES('fiftyone', 'five', 'one');
INSERT INTO lig2 VALUES('fiftytwo', 'five', 'two');
INSERT INTO lig2 VALUES('fiftythree', 'five', 'three');
INSERT INTO lig2 VALUES('fiftyfour', 'five', 'four');
INSERT INTO lig2 VALUES('fiftyfive', 'five', 'five');
INSERT INTO lig2 VALUES('fiftysix', 'five', 'six');
INSERT INTO lig2 VALUES('fiftyseven', 'five', 'seven');
INSERT INTO lig2 VALUES('fiftyeight', 'five', 'eight');
INSERT INTO lig2 VALUES('fiftynine', 'five', 'nine');
INSERT INTO lig2 VALUES('sixty', 'six', 'zero');
INSERT INTO lig2 VALUES('sixtyone', 'six', 'one');
INSERT INTO lig2 VALUES('sixtytwo', 'six', 'two');
INSERT INTO lig2 VALUES('sixtythree', 'six', 'three');
INSERT INTO lig2 VALUES('sixtyfour', 'six', 'four');
INSERT INTO lig2 VALUES('sixtyfive', 'six', 'five');
INSERT INTO lig2 VALUES('sixtysix', 'six', 'six');
INSERT INTO lig2 VALUES('sixtyseven', 'six', 'seven');
INSERT INTO lig2 VALUES('sixtyeight', 'six', 'eight');
INSERT INTO lig2 VALUES('sixtynine', 'six', 'nine');
INSERT INTO lig2 VALUES('seventy', 'seven', 'zero');
INSERT INTO lig2 VALUES('seventyone', 'seven', 'one');
INSERT INTO lig2 VALUES('seventytwo', 'seven', 'two');
INSERT INTO lig2 VALUES('seventythree', 'seven', 'three');
INSERT INTO lig2 VALUES('seventyfour', 'seven', 'four');
INSERT INTO lig2 VALUES('seventyfive', 'seven', 'five');
INSERT INTO lig2 VALUES('seventysix', 'seven', 'six');
INSERT INTO lig2 VALUES('seventyseven', 'seven', 'seven');
INSERT INTO lig2 VALUES('seventyeight', 'seven', 'eight');
INSERT INTO lig2 VALUES('seventynine', 'seven', 'nine');
INSERT INTO lig2 VALUES('eighty', 'eight', 'zero');
INSERT INTO lig2 VALUES('eightyone', 'eight', 'one');
INSERT INTO lig2 VALUES('eightytwo', 'eight', 'two');
INSERT INTO lig2 VALUES('eightythree', 'eight', 'three');
INSERT INTO lig2 VALUES('eightyfour', 'eight', 'four');
INSERT INTO lig2 VALUES('eightyfive', 'eight', 'five');
INSERT INTO lig2 VALUES('eightysix', 'eight', 'six');
INSERT INTO lig2 VALUES('eightyseven', 'eight', 'seven');
INSERT INTO lig2 VALUES('eightyeight', 'eight', 'eight');
INSERT INTO lig2 VALUES('eightynine', 'eight', 'nine');
INSERT INTO lig2 VALUES('ninety', 'nine', 'zero');
INSERT INTO lig2 VALUES('ninetyone', 'nine', 'one');
INSERT INTO lig2 VALUES('ninetytwo', 'nine', 'two');
INSERT INTO lig2 VALUES('ninetythree', 'nine', 'three');
INSERT INTO lig2 VALUES('ninetyfour', 'nine', 'four');
INSERT INTO lig2 VALUES('ninetyfive', 'nine', 'five');
INSERT INTO lig2 VALUES('ninetysix', 'nine', 'six');
INSERT INTO lig2 VALUES('ninetyseven', 'nine', 'seven');
INSERT INTO lig2 VALUES('ninetyeight', 'nine', 'eight');
INSERT INTO lig2 VALUES('ninetynine', 'nine', 'nine');
INSERT INTO lig2 VALUES('', '', '');
INSERT INTO lig2 VALUES('', '', '');
INSERT INTO lig2 VALUES('', '', '');
INSERT INTO lig2 VALUES('', '', '');
INSERT INTO lig2 VALUES('', '', '');
INSERT INTO lig2 VALUES('', '', '');
INSERT INTO lig2 VALUES('', '', '');
INSERT INTO lig2 VALUES('', '', '');
INSERT INTO lig2 VALUES('', '', '');
INSERT INTO lig2 VALUES('', '', '');
INSERT INTO lig2 VALUES('', '', '');
INSERT INTO lig2 VALUES('PV', 'P', 'V');
INSERT INTO lig2 VALUES('MV', 'M', 'V');
INSERT INTO lig2 VALUES('SS', 'S', 'S');
INSERT INTO lig2 VALUES('S1', 'S', 'one');
INSERT INTO lig2 VALUES('S2', 'S', 'two');
INSERT INTO lig2 VALUES('S3', 'S', 'three');
INSERT INTO lig2 VALUES('HV', 'H', 'V');
INSERT INTO lig2 VALUES('CL', 'C', 'L');
INSERT INTO lig2 VALUES('AS', 'A', 'S');
INSERT INTO lig2 VALUES('AM', 'A', 'M');
CREATE TABLE lig3 (glyphName TEXT PRIMARY KEY NOT NULL, src1 TEXT NOT NULL, src2 TEXT NOT NULL, src3 TEXT NOT NULL);
INSERT INTO lig3 VALUES('hundred', 'one', 'zero', 'zero');
INSERT INTO lig3 VALUES('KCL', 'K', 'C', 'L');
INSERT INTO lig3 VALUES('BEL', 'B', 'E', 'L');
CREATE TABLE enclosed (glyphName TEXT PRIMARY KEY NOT NULL, parenthesis INTEGER, circle INTEGER, circleRev INTEGER, square INTEGER, squareRev INTEGER, roundSquare INTEGER, roundSquareRev INTEGER, squareDashed INTEGER);
INSERT INTO enclosed VALUES('zero', 8227, 8224, 10503, 10764, 11037, 11307, 11576, NULL);
INSERT INTO enclosed VALUES('one', 8071, 7555, 8286, 10766, 11039, 11309, 11578, NULL);
INSERT INTO enclosed VALUES('two', 8072, 7556, 8287, 10768, 11041, 11311, 11580, NULL);
INSERT INTO enclosed VALUES('three', 8073, 7557, 8288, 10770, 11043, 11313, 11582, NULL);
INSERT INTO enclosed VALUES('four', 8074, 7558, 8289, 10772, 11045, 11315, 11584, NULL);
INSERT INTO enclosed VALUES('five', 8075, 7559, 8290, 10774, 11047, 11317, 11586, NULL);
INSERT INTO enclosed VALUES('six', 8076, 7560, 8291, 10776, 11049, 11319, 11588, NULL);
INSERT INTO enclosed VALUES('seven', 8077, 7561, 8292, 10778, 11051, 11321, 11590, NULL);
INSERT INTO enclosed VALUES('eight', 8078, 7562, 8293, 10780, 11053, 11323, 11592, NULL);
INSERT INTO enclosed VALUES('nine', 8079, 7563, 8294, 10782, 11055, 11325, 11594, NULL);
INSERT INTO enclosed VALUES('zerozero', 9884, 10234, 10504, 10765, 11038, 11308, 11577, NULL);
INSERT INTO enclosed VALUES('zeroone', 9885, 10235, 10505, 10767, 11040, 11310, 11579, NULL);
INSERT INTO enclosed VALUES('zerotwo', 9886, 10236, 10506, 10769, 11042, 11312, 11581, NULL);
INSERT INTO enclosed VALUES('zerothree', 9887, 10237, 10507, 10771, 11044, 11314, 11583, NULL);
INSERT INTO enclosed VALUES('zerofour', 9888, 10238, 10508, 10773, 11046, 11316, 11585, NULL);
INSERT INTO enclosed VALUES('zerofive', 9889, 10239, 10509, 10775, 11048, 11318, 11587, NULL);
INSERT INTO enclosed VALUES('zerosix', 9890, 10240, 10510, 10777, 11050, 11320, 11589, NULL);
INSERT INTO enclosed VALUES('zeroseven', 9891, 10241, 10511, 10779, 11052, 11322, 11591, NULL);
INSERT INTO enclosed VALUES('zeroeight', 9892, 10242, 10512, 10781, 11054, 11324, 11593, NULL);
INSERT INTO enclosed VALUES('zeronine', 9893, 10243, 10513, 10783, 11056, 11326, 11595, NULL);
INSERT INTO enclosed VALUES('ten', 8080, 7564, 10514, 10784, 11057, 11327, 11596, NULL);
INSERT INTO enclosed VALUES('eleven', 8081, 7565, 10515, 10785, 11058, 11328, 11597, NULL);
INSERT INTO enclosed VALUES('twelve', 8082, 7566, 10516, 10786, 11059, 11329, 11598, NULL);
INSERT INTO enclosed VALUES('thirteen', 8083, 7567, 10517, 10787, 11060, 11330, 11599, NULL);
INSERT INTO enclosed VALUES('fourteen', 8084, 7568, 10518, 10788, 11061, 11331, 11600, NULL);
INSERT INTO enclosed VALUES('fifteen', 8085, 7569, 10519, 10789, 11062, 11332, 11601, NULL);
INSERT INTO enclosed VALUES('sixteen', 8086, 7570, 10520, 10790, 11063, 11333, 11602, NULL);
INSERT INTO enclosed VALUES('seventeen', 8087, 7571, 10521, 10791, 11064, 11334, 11603, NULL);
INSERT INTO enclosed VALUES('eighteen', 8088, 7572, 10522, 10792, 11065, 11335, 11604, NULL);
INSERT INTO enclosed VALUES('nineteen', 8089, 7573, 10523, 10793, 11066, 11336, 11605, NULL);
INSERT INTO enclosed VALUES('twenty', 8090, 7574, 10524, 10794, 11067, 11337, 11606, NULL);
INSERT INTO enclosed VALUES('twentyone', 9894, 8091, 10525, 10795, 11068, 11338, 11607, NULL);
INSERT INTO enclosed VALUES('twentytwo', 9895, 8102, 10526, 10796, 11069, 11339, 11608, NULL);
INSERT INTO enclosed VALUES('twentythree', 9896, 8103, 10527, 10797, 11070, 11340, 11609, NULL);
INSERT INTO enclosed VALUES('twentyfour', 9897, 8104, 10528, 10798, 11071, 11341, 11610, NULL);
INSERT INTO enclosed VALUES('twentyfive', 9898, 8105, 10529, 10799, 11072, 11342, 11611, NULL);
INSERT INTO enclosed VALUES('twentysix', 9899, 8106, 10530, 10800, 11073, 11343, 11612, NULL);
INSERT INTO enclosed VALUES('twentyseven', 9900, 8107, 10531, 10801, 11074, 11344, 11613, NULL);
INSERT INTO enclosed VALUES('twentyeight', 9901, 8108, 10532, 10802, 11075, 11345, 11614, NULL);
INSERT INTO enclosed VALUES('twentynine', 9902, 8109, 10533, 10803, 11076, 11346, 11615, NULL);
INSERT INTO enclosed VALUES('thirty', 9903, 8110, 10534, 10804, 11077, 11347, 11616, NULL);
INSERT INTO enclosed VALUES('thirtyone', 9904, 8111, 10535, 10805, 11078, 11348, 11617, NULL);
INSERT INTO enclosed VALUES('thirtytwo', 9905, 10244, 10536, 10806, 11079, 11349, 11618, NULL);
INSERT INTO enclosed VALUES('thirtythree', 9906, 10245, 10537, 10807, 11080, 11350, 11619, NULL);
INSERT INTO enclosed VALUES('thirtyfour', 9907, 10246, 10538, 10808, 11081, 11351, 11620, NULL);
INSERT INTO enclosed VALUES('thirtyfive', 9908, 10247, 10539, 10809, 11082, 11352, 11621, NULL);
INSERT INTO enclosed VALUES('thirtysix', 9909, 10248, 10540, 10810, 11083, 11353, 11622, NULL);
INSERT INTO enclosed VALUES('thirtyseven', 9910, 10249, 10541, 10811, 11084, 11354, 11623, NULL);
INSERT INTO enclosed VALUES('thirtyeight', 9911, 10250, 10542, 10812, 11085, 11355, 11624, NULL);
INSERT INTO enclosed VALUES('thirtynine', 9912, 10251, 10543, 10813, 11086, 11356, 11625, NULL);
INSERT INTO enclosed VALUES('forty', 9913, 10252, 10544, 10814, 11087, 11357, 11626, NULL);
INSERT INTO enclosed VALUES('fortyone', 9914, 10253, 10545, 10815, 11088, 11358, 11627, NULL);
INSERT INTO enclosed VALUES('fortytwo', 9915, 10254, 10546, 10816, 11089, 11359, 11628, NULL);
INSERT INTO enclosed VALUES('fortythree', 9916, 10255, 10547, 10817, 11090, 11360, 11629, NULL);
INSERT INTO enclosed VALUES('fortyfour', 9917, 10256, 10548, 10818, 11091, 11361, 11630, NULL);
INSERT INTO enclosed VALUES('fortyfive', 9918, 10257, 10549, 10819, 11092, 11362, 11631, NULL);
INSERT INTO enclosed VALUES('fortysix', 9919, 10258, 10550, 10820, 11093, 11363, 11632, NULL);
INSERT INTO enclosed VALUES('fortyseven', 9920, 10259, 10551, 10821, 11094, 11364, 11633, NULL);
INSERT INTO enclosed VALUES('fortyeight', 9921, 10260, 10552, 10822, 11095, 11365, 11634, NULL);
INSERT INTO enclosed VALUES('fortynine', 9922, 10261, 10553, 10823, 11096, 11366, 11635, NULL);
INSERT INTO enclosed VALUES('fifty', 9923, 10262, 10554, 10824, 11097, 11367, 11636, NULL);
INSERT INTO enclosed VALUES('fiftyone', 9924, 10263, 10555, 10825, 11098, 11368, 11637, NULL);
INSERT INTO enclosed VALUES('fiftytwo', 9925, 10264, 10556, 10826, 11099, 11369, 11638, NULL);
INSERT INTO enclosed VALUES('fiftythree', 9926, 10265, 10557, 10827, 11100, 11370, 11639, NULL);
INSERT INTO enclosed VALUES('fiftyfour', 9927, 10266, 10558, 10828, 11101, 11371, 11640, NULL);
INSERT INTO enclosed VALUES('fiftyfive', 9928, 10267, 10559, 10829, 11102, 11372, 11641, NULL);
INSERT INTO enclosed VALUES('fiftysix', 9929, 10268, 10560, 10830, 11103, 11373, 11642, NULL);
INSERT INTO enclosed VALUES('fiftyseven', 9930, 10269, 10561, 10831, 11104, 11374, 11643, NULL);
INSERT INTO enclosed VALUES('fiftyeight', 9931, 10270, 10562, 10832, 11105, 11375, 11644, NULL);
INSERT INTO enclosed VALUES('fiftynine', 9932, 10271, 10563, 10833, 11106, 11376, 11645, NULL);
INSERT INTO enclosed VALUES('sixty', 9933, 10272, 10564, 10834, 11107, 11377, 11646, NULL);
INSERT INTO enclosed VALUES('sixtyone', 9934, 10273, 10565, 10835, 11108, 11378, 11647, NULL);
INSERT INTO enclosed VALUES('sixtytwo', 9935, 10274, 10566, 10836, 11109, 11379, 11648, NULL);
INSERT INTO enclosed VALUES('sixtythree', 9936, 10275, 10567, 10837, 11110, 11380, 11649, NULL);
INSERT INTO enclosed VALUES('sixtyfour', 9937, 10276, 10568, 10838, 11111, 11381, 11650, NULL);
INSERT INTO enclosed VALUES('sixtyfive', 9938, 10277, 10569, 10839, 11112, 11382, 11651, NULL);
INSERT INTO enclosed VALUES('sixtysix', 9939, 10278, 10570, 10840, 11113, 11383, 11652, NULL);
INSERT INTO enclosed VALUES('sixtyseven', 9940, 10279, 10571, 10841, 11114, 11384, 11653, NULL);
INSERT INTO enclosed VALUES('sixtyeight', 9941, 10280, 10572, 10842, 11115, 11385, 11654, NULL);
INSERT INTO enclosed VALUES('sixtynine', 9942, 10281, 10573, 10843, 11116, 11386, 11655, NULL);
INSERT INTO enclosed VALUES('seventy', 9943, 10282, 10574, 10844, 11117, 11387, 11656, NULL);
INSERT INTO enclosed VALUES('seventyone', 9944, 10283, 10575, 10845, 11118, 11388, 11657, NULL);
INSERT INTO enclosed VALUES('seventytwo', 9945, 10284, 10576, 10846, 11119, 11389, 11658, NULL);
INSERT INTO enclosed VALUES('seventythree', 9946, 10285, 10577, 10847, 11120, 11390, 11659, NULL);
INSERT INTO enclosed VALUES('seventyfour', 9947, 10286, 10578, 10848, 11121, 11391, 11660, NULL);
INSERT INTO enclosed VALUES('seventyfive', 9948, 10287, 10579, 10849, 11122, 11392, 11661, NULL);
INSERT INTO enclosed VALUES('seventysix', 9949, 10288, 10580, 10850, 11123, 11393, 11662, NULL);
INSERT INTO enclosed VALUES('seventyseven', 9950, 10289, 10581, 10851, 11124, 11394, 11663, NULL);
INSERT INTO enclosed VALUES('seventyeight', 9951, 10290, 10582, 10852, 11125, 11395, 11664, NULL);
INSERT INTO enclosed VALUES('seventynine', 9952, 10291, 10583, 10853, 11126, 11396, 11665, NULL);
INSERT INTO enclosed VALUES('eighty', 9953, 10292, 10584, 10854, 11127, 11397, 11666, NULL);
INSERT INTO enclosed VALUES('eightyone', 9954, 10293, 10585, 10855, 11128, 11398, 11667, NULL);
INSERT INTO enclosed VALUES('eightytwo', 9955, 10294, 10586, 10856, 11129, 11399, 11668, NULL);
INSERT INTO enclosed VALUES('eightythree', 9956, 10295, 10587, 10857, 11130, 11400, 11669, NULL);
INSERT INTO enclosed VALUES('eightyfour', 9957, 10296, 10588, 10858, 11131, 11401, 11670, NULL);
INSERT INTO enclosed VALUES('eightyfive', 9958, 10297, 10589, 10859, 11132, 11402, 11671, NULL);
INSERT INTO enclosed VALUES('eightysix', 9959, 10298, 10590, 10860, 11133, 11403, 11672, NULL);
INSERT INTO enclosed VALUES('eightyseven', 9960, 10299, 10591, 10861, 11134, 11404, 11673, NULL);
INSERT INTO enclosed VALUES('eightyeight', 9961, 10300, 10592, 10862, 11135, 11405, 11674, NULL);
INSERT INTO enclosed VALUES('eightynine', 9962, 10301, 10593, 10863, 11136, 11406, 11675, NULL);
INSERT INTO enclosed VALUES('ninety', 9963, 10302, 10594, 10864, 11137, 11407, 11676, NULL);
INSERT INTO enclosed VALUES('ninetyone', 9964, 10303, 10595, 10865, 11138, 11408, 11677, NULL);
INSERT INTO enclosed VALUES('ninetytwo', 9965, 10304, 10596, 10866, 11139, 11409, 11678, NULL);
INSERT INTO enclosed VALUES('ninetythree', 9966, 10305, 10597, 10867, 11140, 11410, 11679, NULL);
INSERT INTO enclosed VALUES('ninetyfour', 9967, 10306, 10598, 10868, 11141, 11411, 11680, NULL);
INSERT INTO enclosed VALUES('ninetyfive', 9968, 10307, 10599, 10869, 11142, 11412, 11681, NULL);
INSERT INTO enclosed VALUES('ninetysix', 9969, 10308, 10600, 10870, 11143, 11413, 11682, NULL);
INSERT INTO enclosed VALUES('ninetyseven', 9970, 10309, 10601, 10871, 11144, 11414, 11683, NULL);
INSERT INTO enclosed VALUES('ninetyeight', 9971, 10310, 10602, 10872, 11145, 11415, 11684, NULL);
INSERT INTO enclosed VALUES('ninetynine', 9972, 10311, 10603, 10873, 11146, 11416, 11685, NULL);
INSERT INTO enclosed VALUES('hundred', 9973, 10312, 10604, 10874, 11147, 11417, 11686, NULL);
INSERT INTO enclosed VALUES('unus', 9974, NULL, NULL, NULL, NULL, NULL, NULL, NULL);
INSERT INTO enclosed VALUES('duo', 9975, NULL, NULL, NULL, NULL, NULL, NULL, NULL);
INSERT INTO enclosed VALUES('tres', 9976, NULL, NULL, NULL, NULL, NULL, NULL, NULL);
INSERT INTO enclosed VALUES('quattuor', 9977, NULL, NULL, NULL, NULL, NULL, NULL, NULL);
INSERT INTO enclosed VALUES('quinque', 9978, NULL, NULL, NULL, NULL, NULL, NULL, NULL);
INSERT INTO enclosed VALUES('sex', 9979, NULL, NULL, NULL, NULL, NULL, NULL, NULL);
INSERT INTO enclosed VALUES('septem', 9980, NULL, NULL, NULL, NULL, NULL, NULL, NULL);
INSERT INTO enclosed VALUES('octo', 9981, NULL, NULL, NULL, NULL, NULL, NULL, NULL);
INSERT INTO enclosed VALUES('novem', 9982, NULL, NULL, NULL, NULL, NULL, NULL, NULL);
INSERT INTO enclosed VALUES('decem', 9983, NULL, NULL, NULL, NULL, NULL, NULL, NULL);
INSERT INTO enclosed VALUES('undecim', 9984, NULL, NULL, NULL, NULL, NULL, NULL, NULL);
INSERT INTO enclosed VALUES('duodecim', 9985, NULL, NULL, NULL, NULL, NULL, NULL, NULL);
INSERT INTO enclosed VALUES('tredecim', 9986, NULL, NULL, NULL, NULL, NULL, NULL, NULL);
INSERT INTO enclosed VALUES('quattuordecim', 9987, NULL, NULL, NULL, NULL, NULL, NULL, NULL);
INSERT INTO enclosed VALUES('quindecim', 9988, NULL, NULL, NULL, NULL, NULL, NULL, NULL);
INSERT INTO enclosed VALUES('Unus', 9989, NULL, NULL, NULL, NULL, NULL, NULL, NULL);
INSERT INTO enclosed VALUES('Duo', 9990, NULL, NULL, NULL, NULL, NULL, NULL, NULL);
INSERT INTO enclosed VALUES('Tres', 9991, NULL, NULL, NULL, NULL, NULL, NULL, NULL);
INSERT INTO enclosed VALUES('Quattuor', 9992, NULL, NULL, NULL, NULL, NULL, NULL, NULL);
INSERT INTO enclosed VALUES('Quinque', 9993, NULL, NULL, NULL, NULL, NULL, NULL, NULL);
INSERT INTO enclosed VALUES('Sex', 9994, NULL, NULL, NULL, NULL, NULL, NULL, NULL);
INSERT INTO enclosed VALUES('Septem', 9995, NULL, NULL, NULL, NULL, NULL, NULL, NULL);
INSERT INTO enclosed VALUES('Octo', 9996, NULL, NULL, NULL, NULL, NULL, NULL, NULL);
INSERT INTO enclosed VALUES('Novem', 9997, NULL, NULL, NULL, NULL, NULL, NULL, NULL);
INSERT INTO enclosed VALUES('Decem', 9998, NULL, NULL, NULL, NULL, NULL, NULL, NULL);
INSERT INTO enclosed VALUES('Undecim', 9999, NULL, NULL, NULL, NULL, NULL, NULL, NULL);
INSERT INTO enclosed VALUES('Duodecim', 10000, NULL, NULL, NULL, NULL, NULL, NULL, NULL);
INSERT INTO enclosed VALUES('Tredecim', 10001, NULL, NULL, NULL, NULL, NULL, NULL, NULL);
INSERT INTO enclosed VALUES('Quattuordecim', 10002, NULL, NULL, NULL, NULL, NULL, NULL, NULL);
INSERT INTO enclosed VALUES('Quindecim', 10003, NULL, NULL, NULL, NULL, NULL, NULL, NULL);
INSERT INTO enclosed VALUES('a', 8112, 10313, 10605, 10875, 11148, 11418, 11687, NULL);
INSERT INTO enclosed VALUES('b', 8113, 10314, 10606, 10876, 11149, 11419, 11688, NULL);
INSERT INTO enclosed VALUES('c', 8114, 10315, 10607, 10877, 11150, 11420, 11689, NULL);
INSERT INTO enclosed VALUES('d', 8115, 10316, 10608, 10878, 11151, 11421, 11690, NULL);
INSERT INTO enclosed VALUES('e', 8116, 10317, 10609, 10879, 11152, 11422, 11691, NULL);
INSERT INTO enclosed VALUES('f', 8117, 10318, 10610, 10880, 11153, 11423, 11692, NULL);
INSERT INTO enclosed VALUES('g', 8118, 10319, 10611, 10881, 11154, 11424, 11693, NULL);
INSERT INTO enclosed VALUES('h', 8119, 10320, 10612, 10882, 11155, 11425, 11694, NULL);
INSERT INTO enclosed VALUES('i', 8120, 10321, 10613, 10883, 11156, 11426, 11695, NULL);
INSERT INTO enclosed VALUES('j', 8121, 10322, 10614, 10884, 11157, 11427, 11696, NULL);
INSERT INTO enclosed VALUES('k', 8122, 10323, 10615, 10885, 11158, 11428, 11697, NULL);
INSERT INTO enclosed VALUES('l', 8123, 10324, 10616, 10886, 11159, 11429, 11698, NULL);
INSERT INTO enclosed VALUES('m', 8124, 10325, 10617, 10887, 11160, 11430, 11699, NULL);
INSERT INTO enclosed VALUES('n', 8125, 10326, 10618, 10888, 11161, 11431, 11700, NULL);
INSERT INTO enclosed VALUES('o', 8126, 10327, 10619, 10889, 11162, 11432, 11701, NULL);
INSERT INTO enclosed VALUES('p', 8127, 10328, 10620, 10890, 11163, 11433, 11702, NULL);
INSERT INTO enclosed VALUES('q', 8128, 10329, 10621, 10891, 11164, 11434, 11703, NULL);
INSERT INTO enclosed VALUES('r', 8129, 10330, 10622, 10892, 11165, 11435, 11704, NULL);
INSERT INTO enclosed VALUES('s', 8130, 10331, 10623, 10893, 11166, 11436, 11705, NULL);
INSERT INTO enclosed VALUES('t', 8131, 10332, 10624, 10894, 11167, 11437, 11706, NULL);
INSERT INTO enclosed VALUES('u', 8132, 10333, 10625, 10895, 11168, 11438, 11707, NULL);
INSERT INTO enclosed VALUES('v', 8133, 10334, 10626, 10896, 11169, 11439, 11708, NULL);
INSERT INTO enclosed VALUES('w', 8134, 10335, 10627, 10897, 11170, 11440, 11709, NULL);
INSERT INTO enclosed VALUES('x', 8135, 10336, 10628, 10898, 11171, 11441, 11710, NULL);
INSERT INTO enclosed VALUES('y', 8136, 10337, 10629, 10899, 11172, 11442, 11711, NULL);
INSERT INTO enclosed VALUES('z', 8137, 10338, 10630, 10900, 11173, 11443, 11712, NULL);
INSERT INTO enclosed VALUES('A', 10004, 10339, 10631, 10901, 11174, 11444, 11713, 20497);
INSERT INTO enclosed VALUES('B', 10005, 10340, 10632, 10902, 11175, 11445, 11714, 20498);
INSERT INTO enclosed VALUES('C', 10006, 10341, 10633, 10903, 11176, 11446, 11715, 20499);
INSERT INTO enclosed VALUES('D', 10007, 10342, 10634, 10904, 11177, 11447, 11716, 20500);
INSERT INTO enclosed VALUES('E', 10008, 10343, 10635, 10905, 11178, 11448, 11717, 20501);
INSERT INTO enclosed VALUES('F', 10009, 10344, 10636, 10906, 11179, 11449, 11718, 20502);
INSERT INTO enclosed VALUES('G', 10010, 10345, 10637, 10907, 11180, 11450, 11719, NULL);
INSERT INTO enclosed VALUES('H', 10011, 10346, 10638, 10908, 11181, 11451, 11720, NULL);
INSERT INTO enclosed VALUES('I', 10012, 10347, 10639, 10909, 11182, 11452, 11721, NULL);
INSERT INTO enclosed VALUES('J', 10013, 10348, 10640, 10910, 11183, 11453, 11722, NULL);
INSERT INTO enclosed VALUES('K', 10014, 10349, 10641, 10911, 11184, 11454, 11723, NULL);
INSERT INTO enclosed VALUES('L', 10015, 10350, 10642, 10912, 11185, 11455, 11724, NULL);
INSERT INTO enclosed VALUES('M', 10016, 10351, 10643, 10913, 11186, 11456, 11725, NULL);
INSERT INTO enclosed VALUES('N', 10017, 10352, 10644, 10914, 11187, 11457, 11726, NULL);
INSERT INTO enclosed VALUES('O', 10018, 10353, 10645, 10915, 11188, 11458, 11727, NULL);
INSERT INTO enclosed VALUES('P', 10019, 10354, 10646, 10916, 11189, 11459, 11728, NULL);
INSERT INTO enclosed VALUES('Q', 10020, 10355, 10647, 10917, 11190, 11460, 11729, NULL);
INSERT INTO enclosed VALUES('R', 10021, 10356, 10648, 10918, 11191, 11461, 11730, NULL);
INSERT INTO enclosed VALUES('S', 10022, 10357, 10649, 10919, 11192, 11462, 11731, NULL);
INSERT INTO enclosed VALUES('T', 10023, 10358, 10650, 10920, 11193, 11463, 11732, NULL);
INSERT INTO enclosed VALUES('U', 10024, 10359, 10651, 10921, 11194, 11464, 11733, NULL);
INSERT INTO enclosed VALUES('V', 10025, 10360, 10652, 10922, 11195, 11465, 11734, NULL);
INSERT INTO enclosed VALUES('W', 10026, 10361, 10653, 10923, 11196, 11466, 11735, NULL);
INSERT INTO enclosed VALUES('X', 10027, 10362, 10654, 10924, 11197, 11467, 11736, NULL);
INSERT INTO enclosed VALUES('Y', 10028, 10363, 10655, 10925, 11198, 11468, 11737, NULL);
INSERT INTO enclosed VALUES('Z', 10029, 10364, 10656, 10926, 11199, 11469, 11738, NULL);
INSERT INTO enclosed VALUES('', 10030, 10365, 10657, 10927, 11200, 11470, 11739, NULL);
INSERT INTO enclosed VALUES('', 10031, 10366, 10658, 10928, 11201, 11471, 11740, NULL);
INSERT INTO enclosed VALUES('', 10032, 10367, 10659, 10929, 11202, 11472, 11741, NULL);
INSERT INTO enclosed VALUES('', 10033, 10368, 10660, 10930, 11203, 11473, 11742, NULL);
INSERT INTO enclosed VALUES('', 10034, 10369, 10661, 10931, 11204, 11474, 11743, NULL);
INSERT INTO enclosed VALUES('', 10035, 10370, 10662, 10932, 11205, 11475, 11744, NULL);
INSERT INTO enclosed VALUES('', 10036, 10371, 10663, 10933, 11206, 11476, 11745, NULL);
INSERT INTO enclosed VALUES('', 10037, 10372, 10664, 10934, 11207, 11477, 11746, NULL);
INSERT INTO enclosed VALUES('', 10038, 10373, 10665, 10935, 11208, 11478, 11747, NULL);
INSERT INTO enclosed VALUES('', 10039, 10374, 10666, 10936, 11209, 11479, 11748, NULL);
INSERT INTO enclosed VALUES('', 10040, 10375, 10667, 10937, 11210, 11480, 11749, NULL);
INSERT INTO enclosed VALUES('', 10041, 10376, 10668, 10938, 11211, 11481, 11750, NULL);
INSERT INTO enclosed VALUES('', 10042, 10377, 10669, 10939, 11212, 11482, 11751, NULL);
INSERT INTO enclosed VALUES('', 10043, 10378, 10670, 10940, 11213, 11483, 11752, NULL);
INSERT INTO enclosed VALUES('', 10044, 10379, 10671, 10941, 11214, 11484, 11753, NULL);
INSERT INTO enclosed VALUES('', 10045, 10380, 10672, 10942, 11215, 11485, 11754, NULL);
INSERT INTO enclosed VALUES('', 10046, 10381, 10673, 10943, 11216, 11486, 11755, NULL);
INSERT INTO enclosed VALUES('', 10047, 10382, 10674, 10944, 11217, 11487, 11756, NULL);
INSERT INTO enclosed VALUES('', 10048, 10383, 10675, 10945, 11218, 11488, 11757, NULL);
INSERT INTO enclosed VALUES('', 10049, 10384, 10676, 10946, 11219, 11489, 11758, NULL);
INSERT INTO enclosed VALUES('', 10050, 10385, 10677, 10947, 11220, 11490, 11759, NULL);
INSERT INTO enclosed VALUES('', 10051, 10386, 10678, 10948, 11221, 11491, 11760, NULL);
INSERT INTO enclosed VALUES('', 10052, 10387, 10679, 10949, 11222, 11492, 11761, NULL);
INSERT INTO enclosed VALUES('', 10053, 10388, 10680, 10950, 11223, 11493, 11762, NULL);
INSERT INTO enclosed VALUES('', 10054, 10389, 10681, 10951, 11224, 11494, 11763, NULL);
INSERT INTO enclosed VALUES('', 10055, 10390, 10682, 10952, 11225, 11495, 11764, NULL);
INSERT INTO enclosed VALUES('', 10056, 10391, 10683, 10953, 11226, 11496, 11765, NULL);
INSERT INTO enclosed VALUES('', 10057, 10392, 10684, 10954, 11227, 11497, 11766, NULL);
INSERT INTO enclosed VALUES('', 10058, 10393, 10685, 10955, 11228, 11498, 11767, NULL);
INSERT INTO enclosed VALUES('', 10059, 10394, 10686, 10956, 11229, 11499, 11768, NULL);
INSERT INTO enclosed VALUES('', 10060, 10395, 10687, 10957, 11230, 11500, 11769, NULL);
INSERT INTO enclosed VALUES('', 10061, 10396, 10688, 10958, 11231, 11501, 11770, NULL);
INSERT INTO enclosed VALUES('', 10062, 10397, 10689, 10959, 11232, 11502, 11771, NULL);
INSERT INTO enclosed VALUES('', 10063, 10398, 10690, 10960, 11233, 11503, 11772, NULL);
INSERT INTO enclosed VALUES('', 10064, 10399, 10691, 10961, 11234, 11504, 11773, NULL);
INSERT INTO enclosed VALUES('', 10065, 10400, 10692, 10962, 11235, 11505, 11774, NULL);
INSERT INTO enclosed VALUES('', 10066, 10401, 10693, 10963, 11236, 11506, 11775, NULL);
INSERT INTO enclosed VALUES('', 10067, 10402, 10694, 10964, 11237, 11507, 11776, NULL);
INSERT INTO enclosed VALUES('', 10068, 10403, 10695, 10965, 11238, 11508, 11777, NULL);
INSERT INTO enclosed VALUES('', 10069, 10404, 10696, 10966, 11239, 11509, 11778, NULL);
INSERT INTO enclosed VALUES('', 10070, 10405, 10697, 10967, 11240, 11510, 11779, NULL);
INSERT INTO enclosed VALUES('', 10071, 10406, 10698, 10968, 11241, 11511, 11780, NULL);
INSERT INTO enclosed VALUES('', 10072, 10407, 10699, 10969, 11242, 11512, 11781, NULL);
INSERT INTO enclosed VALUES('', 10073, 10408, 10700, 10970, 11243, 11513, 11782, NULL);
INSERT INTO enclosed VALUES('', 10074, 10409, 10701, 10971, 11244, 11514, 11783, NULL);
INSERT INTO enclosed VALUES('', 10075, 10410, 10702, 10972, 11245, 11515, 11784, NULL);
INSERT INTO enclosed VALUES('', 10076, 10411, 10703, 10973, 11246, 11516, 11785, NULL);
INSERT INTO enclosed VALUES('', 10077, 10412, 10704, 10974, 11247, 11517, 11786, NULL);
INSERT INTO enclosed VALUES('', 10078, 10413, 10705, 10975, 11248, 11518, 11787, NULL);
INSERT INTO enclosed VALUES('', 10079, 10414, 10706, 10976, 11249, 11519, 11788, NULL);
INSERT INTO enclosed VALUES('', 10080, 10415, 10707, 10977, 11250, 11520, 11789, NULL);
INSERT INTO enclosed VALUES('', 10081, 10416, 10708, 10978, 11251, 11521, 11790, NULL);
INSERT INTO enclosed VALUES('', 10082, 10417, 10709, 10979, 11252, 11522, 11791, NULL);
INSERT INTO enclosed VALUES('', 10083, 10418, 10710, 10980, 11253, 11523, 11792, NULL);
INSERT INTO enclosed VALUES('', 10084, 10419, 10711, 10981, 11254, 11524, 11793, NULL);
INSERT INTO enclosed VALUES('', 10085, 10420, 10712, 10982, 11255, 11525, 11794, NULL);
INSERT INTO enclosed VALUES('', 10086, 10421, 10713, 10983, 11256, 11526, 11795, NULL);
INSERT INTO enclosed VALUES('', 10087, 10422, 10714, 10984, 11257, 11527, 11796, NULL);
INSERT INTO enclosed VALUES('', 10088, 10423, 10715, 10985, 11258, 11528, 11797, NULL);
INSERT INTO enclosed VALUES('', 10089, 10424, 10716, 10986, 11259, 11529, 11798, NULL);
INSERT INTO enclosed VALUES('', 10090, 10425, 10717, 10987, 11260, 11530, 11799, NULL);
INSERT INTO enclosed VALUES('', 10091, 10426, 10718, 10988, 11261, 11531, 11800, NULL);
INSERT INTO enclosed VALUES('', 10092, 10427, 10719, 10989, 11262, 11532, 11801, NULL);
INSERT INTO enclosed VALUES('', 10093, 10428, 10720, 10990, 11263, 11533, 11802, NULL);
INSERT INTO enclosed VALUES('', 10094, 10429, 10721, 10991, 11264, 11534, 11803, NULL);
INSERT INTO enclosed VALUES('', 10095, 10430, 10722, 10992, 11265, 11535, 11804, NULL);
INSERT INTO enclosed VALUES('', 10096, 10431, 10723, 10993, 11266, 11536, 11805, NULL);
INSERT INTO enclosed VALUES('', 10097, 10432, 10724, 10994, 11267, 11537, 11806, NULL);
INSERT INTO enclosed VALUES('', 10098, 10433, 10725, 10995, 11268, 11538, 11807, NULL);
INSERT INTO enclosed VALUES('', 10099, 10434, 10726, 10996, 11269, 11539, 11808, NULL);
INSERT INTO enclosed VALUES('', 10100, 10435, 10727, 10997, 11270, 11540, 11809, NULL);
INSERT INTO enclosed VALUES('', 10101, 10436, 10728, 10998, 11271, 11541, 11810, NULL);
INSERT INTO enclosed VALUES('', 10102, 10437, 10729, 10999, 11272, 11542, 11811, NULL);
INSERT INTO enclosed VALUES('', 10103, 10438, 10730, 11000, 11273, 11543, 11812, NULL);
INSERT INTO enclosed VALUES('', 10104, 10439, 10731, 11001, 11274, 11544, 11813, NULL);
INSERT INTO enclosed VALUES('', 10105, 10440, 10732, 11002, 11275, 11545, 11814, NULL);
INSERT INTO enclosed VALUES('', 10106, 10441, 10733, 11003, 11276, 11546, 11815, NULL);
INSERT INTO enclosed VALUES('', 10107, 10442, 10734, 11004, 11277, 11547, 11816, NULL);
INSERT INTO enclosed VALUES('', 10108, 10443, 10735, 11005, 11278, 11548, 11817, NULL);
INSERT INTO enclosed VALUES('', 10109, 10444, 10736, 11006, 11279, 11549, 11818, 20512);
INSERT INTO enclosed VALUES('', 10110, 10445, 10737, 11007, 11280, 11550, 11819, NULL);
INSERT INTO enclosed VALUES('', 10111, 10446, 10738, 11008, 11281, 11551, 11820, NULL);
INSERT INTO enclosed VALUES('', 10112, 10447, 10739, 11009, 11282, 11552, 11821, NULL);
INSERT INTO enclosed VALUES('', 10113, 10448, 10740, 11010, 11283, 11553, 11822, NULL);
INSERT INTO enclosed VALUES('', 10114, 10449, 10741, 11011, 11284, 11554, 11823, NULL);
INSERT INTO enclosed VALUES('', 10115, 10450, 10742, 11012, 11285, 11555, 11824, NULL);
INSERT INTO enclosed VALUES('', 10116, 10451, 10743, 11013, 11286, 11556, 11825, NULL);
INSERT INTO enclosed VALUES('', 10117, 10452, 10744, 11014, 11287, 11557, 11826, NULL);
INSERT INTO enclosed VALUES('', 10118, 10453, 10745, 11015, 11288, 11558, 11827, NULL);
INSERT INTO enclosed VALUES('', 10119, 10454, 10746, 11016, 11289, 11559, 11828, NULL);
INSERT INTO enclosed VALUES('', 10120, 10455, 10747, 11017, 11290, 11560, 11829, NULL);
INSERT INTO enclosed VALUES('', 10121, 10456, 10748, 11018, 11291, 11561, 11830, NULL);
INSERT INTO enclosed VALUES('', 10122, 10457, 10749, 11019, 11292, 11562, 11831, NULL);
INSERT INTO enclosed VALUES('', 10123, 10458, 10750, 11020, 11293, 11563, 11832, NULL);
INSERT INTO enclosed VALUES('', 10124, 10459, 10751, 11021, 11294, 11564, 11833, NULL);
INSERT INTO enclosed VALUES('', 10125, 10460, 10752, 11022, 11295, 11565, 11834, NULL);
INSERT INTO enclosed VALUES('', NULL, 7613, NULL, NULL, NULL, NULL, NULL, NULL);
INSERT INTO enclosed VALUES('', NULL, 7614, NULL, NULL, NULL, NULL, NULL, NULL);
INSERT INTO enclosed VALUES('', NULL, 7615, NULL, NULL, NULL, NULL, NULL, NULL);
INSERT INTO enclosed VALUES('', NULL, 7616, NULL, NULL, NULL, NULL, NULL, NULL);
INSERT INTO enclosed VALUES('', NULL, 7617, NULL, NULL, NULL, NULL, NULL, NULL);
INSERT INTO enclosed VALUES('', NULL, 8152, NULL, NULL, NULL, NULL, NULL, NULL);
INSERT INTO enclosed VALUES('', 8138, NULL, NULL, NULL, NULL, NULL, NULL, NULL);
INSERT INTO enclosed VALUES('', 8139, 8153, NULL, NULL, NULL, NULL, NULL, NULL);
INSERT INTO enclosed VALUES('', NULL, 8154, NULL, NULL, NULL, NULL, NULL, NULL);
INSERT INTO enclosed VALUES('', 8140, 8155, NULL, NULL, NULL, NULL, NULL, NULL);
INSERT INTO enclosed VALUES('', 8141, 8156, NULL, NULL, NULL, NULL, NULL, NULL);
INSERT INTO enclosed VALUES('', NULL, 8157, NULL, NULL, NULL, NULL, NULL, NULL);
INSERT INTO enclosed VALUES('', 8142, 8158, NULL, NULL, NULL, NULL, NULL, NULL);
INSERT INTO enclosed VALUES('', 8149, 8159, NULL, NULL, NULL, NULL, NULL, NULL);
INSERT INTO enclosed VALUES('', 8150, NULL, NULL, NULL, NULL, NULL, NULL, NULL);
INSERT INTO enclosed VALUES('', 8151, NULL, NULL, NULL, NULL, NULL, NULL, NULL);
INSERT INTO enclosed VALUES('', NULL, 8160, NULL, NULL, NULL, NULL, NULL, NULL);
INSERT INTO enclosed VALUES('', NULL, 8161, NULL, NULL, NULL, 20569, NULL, NULL);
INSERT INTO enclosed VALUES('', 8143, 8162, NULL, NULL, NULL, NULL, NULL, NULL);
INSERT INTO enclosed VALUES('', 8144, 8163, NULL, NULL, NULL, NULL, NULL, NULL);
INSERT INTO enclosed VALUES('', 8145, NULL, NULL, NULL, NULL, NULL, NULL, NULL);
INSERT INTO enclosed VALUES('', 8146, 8164, NULL, NULL, NULL, NULL, NULL, NULL);
INSERT INTO enclosed VALUES('', 8147, 8165, NULL, NULL, NULL, NULL, NULL, NULL);
INSERT INTO enclosed VALUES('', NULL, 8191, NULL, NULL, NULL, NULL, NULL, NULL);
INSERT INTO enclosed VALUES('', NULL, 8223, NULL, NULL, NULL, NULL, NULL, NULL);
INSERT INTO enclosed VALUES('', NULL, 8317, NULL, NULL, NULL, NULL, NULL, NULL);
INSERT INTO enclosed VALUES('', NULL, 8318, NULL, NULL, NULL, NULL, NULL, NULL);
INSERT INTO enclosed VALUES('', NULL, 8319, NULL, NULL, NULL, NULL, NULL, NULL);
INSERT INTO enclosed VALUES('', NULL, 8320, NULL, NULL, NULL, NULL, NULL, NULL);
INSERT INTO enclosed VALUES('', 10126, 10461, NULL, NULL, NULL, NULL, NULL, NULL);
INSERT INTO enclosed VALUES('', 10127, 10462, NULL, NULL, NULL, 20571, NULL, NULL);
INSERT INTO enclosed VALUES('', 10128, 10463, NULL, NULL, NULL, NULL, NULL, NULL);
INSERT INTO enclosed VALUES('', 10129, 10464, NULL, NULL, NULL, NULL, NULL, NULL);
INSERT INTO enclosed VALUES('', 10130, 10465, NULL, NULL, NULL, NULL, NULL, NULL);
INSERT INTO enclosed VALUES('', 10131, 10466, NULL, NULL, NULL, NULL, NULL, NULL);
INSERT INTO enclosed VALUES('', 10132, 10467, NULL, NULL, NULL, NULL, NULL, NULL);
INSERT INTO enclosed VALUES('', 10133, 10468, NULL, NULL, NULL, NULL, NULL, NULL);
INSERT INTO enclosed VALUES('', 10134, 10469, NULL, NULL, NULL, NULL, NULL, NULL);
INSERT INTO enclosed VALUES('', 10135, 10470, NULL, NULL, NULL, NULL, NULL, NULL);
INSERT INTO enclosed VALUES('', 10136, NULL, NULL, NULL, NULL, NULL, NULL, NULL);
INSERT INTO enclosed VALUES('', 10137, NULL, NULL, NULL, NULL, NULL, NULL, NULL);
INSERT INTO enclosed VALUES('', 10138, NULL, NULL, NULL, NULL, NULL, NULL, NULL);
INSERT INTO enclosed VALUES('', 10139, NULL, NULL, NULL, NULL, NULL, NULL, NULL);
INSERT INTO enclosed VALUES('', 10140, NULL, NULL, NULL, NULL, NULL, NULL, NULL);
INSERT INTO enclosed VALUES('', 10141, NULL, NULL, NULL, NULL, NULL, NULL, NULL);
INSERT INTO enclosed VALUES('', 10142, NULL, NULL, NULL, NULL, NULL, NULL, NULL);
INSERT INTO enclosed VALUES('', 10143, NULL, NULL, NULL, NULL, NULL, NULL, NULL);
INSERT INTO enclosed VALUES('', 10144, NULL, NULL, NULL, NULL, NULL, NULL, NULL);
INSERT INTO enclosed VALUES('', 10145, NULL, NULL, NULL, NULL, NULL, NULL, NULL);
INSERT INTO enclosed VALUES('', 8197, 10471, 10753, 11023, 11296, 11566, 11835, NULL);
INSERT INTO enclosed VALUES('', 8198, 10472, 10754, 11024, 11297, 11567, 11836, NULL);
INSERT INTO enclosed VALUES('', 8199, 10473, 10755, 11025, 11298, 11568, 11837, NULL);
INSERT INTO enclosed VALUES('', 8200, 10474, 10756, 11026, 11299, 11569, 11838, NULL);
INSERT INTO enclosed VALUES('', 8201, 10475, 10757, 11027, 11300, 11570, 11839, NULL);
INSERT INTO enclosed VALUES('', 8202, 10476, 10758, 11028, 11301, 11571, 11840, NULL);
INSERT INTO enclosed VALUES('', 8203, 10477, 10759, 11029, 11302, 11572, 11841, NULL);
INSERT INTO enclosed VALUES('', 10146, NULL, NULL, NULL, NULL, NULL, NULL, NULL);
INSERT INTO enclosed VALUES('', 10147, NULL, NULL, NULL, NULL, NULL, NULL, NULL);
INSERT INTO enclosed VALUES('', NULL, 10478, NULL, NULL, NULL, NULL, NULL, NULL);
INSERT INTO enclosed VALUES('', 10148, 10479, NULL, NULL, NULL, NULL, NULL, NULL);
INSERT INTO enclosed VALUES('', NULL, 10480, NULL, NULL, NULL, NULL, NULL, NULL);
INSERT INTO enclosed VALUES('', NULL, 10481, NULL, NULL, NULL, NULL, NULL, NULL);
INSERT INTO enclosed VALUES('', NULL, 10482, NULL, NULL, NULL, NULL, NULL, NULL);
INSERT INTO enclosed VALUES('', NULL, 10483, NULL, NULL, NULL, NULL, NULL, NULL);
INSERT INTO enclosed VALUES('', NULL, 10484, NULL, NULL, NULL, NULL, NULL, NULL);
INSERT INTO enclosed VALUES('', NULL, 10485, NULL, NULL, NULL, NULL, NULL, NULL);
INSERT INTO enclosed VALUES('', NULL, 10486, NULL, NULL, NULL, NULL, NULL, NULL);
INSERT INTO enclosed VALUES('', 8205, 10487, NULL, NULL, NULL, NULL, NULL, NULL);
INSERT INTO enclosed VALUES('', NULL, 10488, NULL, NULL, NULL, NULL, NULL, NULL);
INSERT INTO enclosed VALUES('', NULL, 10489, NULL, NULL, NULL, NULL, NULL, NULL);
INSERT INTO enclosed VALUES('', NULL, 10490, NULL, NULL, NULL, NULL, NULL, NULL);
INSERT INTO enclosed VALUES('', NULL, 10491, NULL, NULL, NULL, NULL, NULL, NULL);
INSERT INTO enclosed VALUES('', 8204, 10492, NULL, NULL, NULL, NULL, NULL, NULL);
INSERT INTO enclosed VALUES('', NULL, 10493, NULL, NULL, NULL, NULL, NULL, NULL);
INSERT INTO enclosed VALUES('', NULL, 10494, NULL, NULL, NULL, NULL, NULL, NULL);
INSERT INTO enclosed VALUES('', 8148, 10495, NULL, NULL, NULL, NULL, NULL, NULL);
INSERT INTO enclosed VALUES('', NULL, 10496, NULL, NULL, NULL, NULL, NULL, NULL);
INSERT INTO enclosed VALUES('', NULL, 10497, NULL, NULL, NULL, NULL, NULL, NULL);
INSERT INTO enclosed VALUES('', 10149, 10498, 10760, 11032, 11303, 11573, 11842, NULL);
INSERT INTO enclosed VALUES('', 10150, 10499, 10761, 11033, 11304, 11574, 11843, NULL);
INSERT INTO enclosed VALUES('', 10151, 10500, 10762, 11034, 11305, 11575, 11844, NULL);
INSERT INTO enclosed VALUES('', NULL, 10501, NULL, NULL, NULL, NULL, NULL, NULL);
INSERT INTO enclosed VALUES('', NULL, 20553, NULL, NULL, NULL, NULL, NULL, NULL);
INSERT INTO enclosed VALUES('', NULL, NULL, NULL, 11030, NULL, NULL, NULL, NULL);
INSERT INTO enclosed VALUES('', NULL, NULL, NULL, 11031, NULL, NULL, NULL, NULL);
INSERT INTO enclosed VALUES('', NULL, NULL, NULL, NULL, NULL, 20555, NULL, NULL);
INSERT INTO enclosed VALUES('', NULL, NULL, NULL, NULL, NULL, 20556, NULL, NULL);
INSERT INTO enclosed VALUES('', NULL, NULL, NULL, NULL, NULL, 20557, NULL, NULL);
INSERT INTO enclosed VALUES('', NULL, NULL, NULL, NULL, NULL, 20558, NULL, NULL);
INSERT INTO enclosed VALUES('', NULL, NULL, NULL, NULL, NULL, 20559, NULL, NULL);
INSERT INTO enclosed VALUES('', NULL, NULL, NULL, NULL, NULL, 20560, NULL, NULL);
INSERT INTO enclosed VALUES('', NULL, NULL, NULL, NULL, NULL, 20561, NULL, NULL);
INSERT INTO enclosed VALUES('', NULL, NULL, NULL, NULL, NULL, 20562, NULL, 20503);
INSERT INTO enclosed VALUES('', NULL, NULL, NULL, NULL, NULL, 20563, NULL, NULL);
INSERT INTO enclosed VALUES('', NULL, NULL, NULL, NULL, NULL, 20564, NULL, NULL);
INSERT INTO enclosed VALUES('', NULL, NULL, NULL, NULL, NULL, 20565, NULL, NULL);
INSERT INTO enclosed VALUES('', NULL, NULL, NULL, NULL, NULL, 20566, NULL, NULL);
INSERT INTO enclosed VALUES('', NULL, NULL, NULL, NULL, NULL, 20567, NULL, NULL);
INSERT INTO enclosed VALUES('', NULL, NULL, NULL, NULL, NULL, 20568, NULL, NULL);
INSERT INTO enclosed VALUES('', NULL, NULL, NULL, NULL, NULL, 20570, NULL, NULL);
INSERT INTO enclosed VALUES('', NULL, NULL, NULL, NULL, NULL, 20572, NULL, NULL);
INSERT INTO enclosed VALUES('', NULL, NULL, NULL, NULL, NULL, 20573, NULL, NULL);
INSERT INTO enclosed VALUES('', NULL, NULL, NULL, NULL, NULL, 20574, NULL, NULL);
INSERT INTO enclosed VALUES('PV', NULL, NULL, NULL, NULL, NULL, 20575, NULL, NULL);
INSERT INTO enclosed VALUES('MV', NULL, NULL, NULL, NULL, NULL, 20576, NULL, NULL);
INSERT INTO enclosed VALUES('', NULL, NULL, NULL, NULL, NULL, 20577, NULL, NULL);
INSERT INTO enclosed VALUES('SS', NULL, NULL, NULL, NULL, NULL, 20578, NULL, NULL);
INSERT INTO enclosed VALUES('S1', NULL, NULL, NULL, NULL, NULL, 20579, NULL, NULL);
INSERT INTO enclosed VALUES('S2', NULL, NULL, NULL, NULL, NULL, 20580, NULL, NULL);
INSERT INTO enclosed VALUES('S3', NULL, NULL, NULL, NULL, NULL, 20581, NULL, NULL);
INSERT INTO enclosed VALUES('', NULL, NULL, NULL, NULL, NULL, 20582, NULL, NULL);
INSERT INTO enclosed VALUES('HV', NULL, NULL, NULL, NULL, NULL, 20583, NULL, NULL);
INSERT INTO enclosed VALUES('CL', NULL, NULL, NULL, NULL, NULL, NULL, NULL, 20505);
INSERT INTO enclosed VALUES('KCL', NULL, NULL, NULL, NULL, NULL, NULL, NULL, 20506);
INSERT INTO enclosed VALUES('BEL', NULL, NULL, NULL, NULL, NULL, NULL, NULL, 20507);
INSERT INTO enclosed VALUES('AS', NULL, NULL, NULL, NULL, NULL, NULL, NULL, 20508);
INSERT INTO enclosed VALUES('AM', NULL, NULL, NULL, NULL, NULL, NULL, NULL, 20509);
INSERT INTO enclosed VALUES('', NULL, NULL, NULL, NULL, NULL, NULL, NULL, 20510);
INSERT INTO enclosed VALUES('', NULL, NULL, NULL, NULL, NULL, NULL, NULL, 20511);
CREATE VIEW glyphLabels AS
SELECT glyphName, pwid AS CID FROM lgcGlyphs WHERE pwid IS NOT NULL
UNION SELECT glyphName, fwid AS CID FROM lgcGlyphs WHERE fwid IS NOT NULL
UNION SELECT label AS glyphName, CID FROM cjkLabel
ORDER BY glyphName;
CREATE VIEW compositeFeat AS
SELECT 40 AS feat, part1 AS base1, part2 AS base2, part3 AS base3, part4 AS base4, ligature AS target FROM compositeCID
UNION SELECT 40 AS feat, CID AS base1, 10233 AS base2, NULL AS base3, NULL AS base4, parenthesis    AS target FROM glyphLabels NATURAL INNER JOIN enclosed WHERE parenthesis    IS NOT NULL
UNION SELECT 40 AS feat, CID AS base1, 16328 AS base2, NULL AS base3, NULL AS base4, circle         AS target FROM glyphLabels NATURAL INNER JOIN enclosed WHERE circle         IS NOT NULL
UNION SELECT 40 AS feat, CID AS base1, 10763 AS base2, NULL AS base3, NULL AS base4, circleRev      AS target FROM glyphLabels NATURAL INNER JOIN enclosed WHERE circleRev      IS NOT NULL
UNION SELECT 40 AS feat, CID AS base1, 11035 AS base2, NULL AS base3, NULL AS base4, square         AS target FROM glyphLabels NATURAL INNER JOIN enclosed WHERE square         IS NOT NULL
UNION SELECT 40 AS feat, CID AS base1, 11306 AS base2, NULL AS base3, NULL AS base4, squareRev      AS target FROM glyphLabels NATURAL INNER JOIN enclosed WHERE squareRev      IS NOT NULL
UNION SELECT 40 AS feat, CID AS base1,  8015 AS base2, NULL AS base3, NULL AS base4, roundSquare    AS target FROM glyphLabels NATURAL INNER JOIN enclosed WHERE roundSquare    IS NOT NULL
UNION SELECT 40 AS feat, CID AS base1, 11845 AS base2, NULL AS base3, NULL AS base4, roundSquareRev AS target FROM glyphLabels NATURAL INNER JOIN enclosed WHERE roundSquareRev IS NOT NULL
UNION SELECT 40 AS feat, s1.CID AS base1, s2.CID AS base2, 10233 AS base3, NULL AS base4, parenthesis    AS target FROM lig2 NATURAL INNER JOIN enclosed INNER JOIN glyphLabels AS s1 ON src1 = s1.glyphName INNER JOIN glyphLabels AS s2 ON src2 = s2.glyphName WHERE parenthesis    IS NOT NULL
UNION SELECT 40 AS feat, s1.CID AS base1, s2.CID AS base2, 16328 AS base3, NULL AS base4, circle         AS target FROM lig2 NATURAL INNER JOIN enclosed INNER JOIN glyphLabels AS s1 ON src1 = s1.glyphName INNER JOIN glyphLabels AS s2 ON src2 = s2.glyphName WHERE circle         IS NOT NULL
UNION SELECT 40 AS feat, s1.CID AS base1, s2.CID AS base2, 10763 AS base3, NULL AS base4, circleRev      AS target FROM lig2 NATURAL INNER JOIN enclosed INNER JOIN glyphLabels AS s1 ON src1 = s1.glyphName INNER JOIN glyphLabels AS s2 ON src2 = s2.glyphName WHERE circleRev      IS NOT NULL
UNION SELECT 40 AS feat, s1.CID AS base1, s2.CID AS base2, 11035 AS base3, NULL AS base4, square         AS target FROM lig2 NATURAL INNER JOIN enclosed INNER JOIN glyphLabels AS s1 ON src1 = s1.glyphName INNER JOIN glyphLabels AS s2 ON src2 = s2.glyphName WHERE square         IS NOT NULL
UNION SELECT 40 AS feat, s1.CID AS base1, s2.CID AS base2, 11306 AS base3, NULL AS base4, squareRev      AS target FROM lig2 NATURAL INNER JOIN enclosed INNER JOIN glyphLabels AS s1 ON src1 = s1.glyphName INNER JOIN glyphLabels AS s2 ON src2 = s2.glyphName WHERE squareRev      IS NOT NULL
UNION SELECT 40 AS feat, s1.CID AS base1, s2.CID AS base2,  8015 AS base3, NULL AS base4, roundSquare    AS target FROM lig2 NATURAL INNER JOIN enclosed INNER JOIN glyphLabels AS s1 ON src1 = s1.glyphName INNER JOIN glyphLabels AS s2 ON src2 = s2.glyphName WHERE roundSquare    IS NOT NULL
UNION SELECT 40 AS feat, s1.CID AS base1, s2.CID AS base2, 11845 AS base3, NULL AS base4, roundSquareRev AS target FROM lig2 NATURAL INNER JOIN enclosed INNER JOIN glyphLabels AS s1 ON src1 = s1.glyphName INNER JOIN glyphLabels AS s2 ON src2 = s2.glyphName WHERE roundSquareRev IS NOT NULL
UNION SELECT 40 AS feat, s1.CID AS base1, s2.CID AS base2, s3.CID AS base3, 10233 AS base4, parenthesis    AS target FROM lig3 NATURAL INNER JOIN enclosed INNER JOIN glyphLabels AS s1 ON src1 = s1.glyphName INNER JOIN glyphLabels AS s2 ON src2 = s2.glyphName INNER JOIN glyphLabels AS s3 ON src3 = s3.glyphName WHERE parenthesis    IS NOT NULL
UNION SELECT 40 AS feat, s1.CID AS base1, s2.CID AS base2, s3.CID AS base3, 16328 AS base4, circle         AS target FROM lig3 NATURAL INNER JOIN enclosed INNER JOIN glyphLabels AS s1 ON src1 = s1.glyphName INNER JOIN glyphLabels AS s2 ON src2 = s2.glyphName INNER JOIN glyphLabels AS s3 ON src3 = s3.glyphName WHERE circle         IS NOT NULL
UNION SELECT 40 AS feat, s1.CID AS base1, s2.CID AS base2, s3.CID AS base3, 10763 AS base4, circleRev      AS target FROM lig3 NATURAL INNER JOIN enclosed INNER JOIN glyphLabels AS s1 ON src1 = s1.glyphName INNER JOIN glyphLabels AS s2 ON src2 = s2.glyphName INNER JOIN glyphLabels AS s3 ON src3 = s3.glyphName WHERE circleRev      IS NOT NULL
UNION SELECT 40 AS feat, s1.CID AS base1, s2.CID AS base2, s3.CID AS base3, 11035 AS base4, square         AS target FROM lig3 NATURAL INNER JOIN enclosed INNER JOIN glyphLabels AS s1 ON src1 = s1.glyphName INNER JOIN glyphLabels AS s2 ON src2 = s2.glyphName INNER JOIN glyphLabels AS s3 ON src3 = s3.glyphName WHERE square         IS NOT NULL
UNION SELECT 40 AS feat, s1.CID AS base1, s2.CID AS base2, s3.CID AS base3, 11306 AS base4, squareRev      AS target FROM lig3 NATURAL INNER JOIN enclosed INNER JOIN glyphLabels AS s1 ON src1 = s1.glyphName INNER JOIN glyphLabels AS s2 ON src2 = s2.glyphName INNER JOIN glyphLabels AS s3 ON src3 = s3.glyphName WHERE squareRev      IS NOT NULL
UNION SELECT 40 AS feat, s1.CID AS base1, s2.CID AS base2, s3.CID AS base3,  8015 AS base4, roundSquare    AS target FROM lig3 NATURAL INNER JOIN enclosed INNER JOIN glyphLabels AS s1 ON src1 = s1.glyphName INNER JOIN glyphLabels AS s2 ON src2 = s2.glyphName INNER JOIN glyphLabels AS s3 ON src3 = s3.glyphName WHERE roundSquare    IS NOT NULL
UNION SELECT 40 AS feat, s1.CID AS base1, s2.CID AS base2, s3.CID AS base3, 11845 AS base4, roundSquareRev AS target FROM lig3 NATURAL INNER JOIN enclosed INNER JOIN glyphLabels AS s1 ON src1 = s1.glyphName INNER JOIN glyphLabels AS s2 ON src2 = s2.glyphName INNER JOIN glyphLabels AS s3 ON src3 = s3.glyphName WHERE roundSquareRev IS NOT NULL
ORDER BY feat, target;
CREATE VIEW featureList AS
SELECT feat, fromCID AS base1, NULL AS base2, NULL AS base3, NULL AS base4, toCID AS target FROM oneToOneFeat
UNION SELECT feat, base1, base2, base3, base4, target FROM compositeFeat
ORDER BY feat;
CREATE VIEW features AS
SELECT featTag, base1, base2, base3, base4, target FROM featureCode INNER JOIN featureList ON featID = feat;
COMMIT;
